-- --------------------------------------------------------
-- Host:                         worldhq.de
-- Server Version:               5.1.66-0+squeeze1 - (Debian)
-- Server Betriebssystem:        debian-linux-gnu
-- HeidiSQL Version:             8.3.0.4694
-- --------------------------------------------------------

/*!40101 SET @OLD_CHARACTER_SET_CLIENT=@@CHARACTER_SET_CLIENT */;
/*!40101 SET NAMES utf8 */;
/*!40014 SET @OLD_FOREIGN_KEY_CHECKS=@@FOREIGN_KEY_CHECKS, FOREIGN_KEY_CHECKS=0 */;
/*!40101 SET @OLD_SQL_MODE=@@SQL_MODE, SQL_MODE='NO_AUTO_VALUE_ON_ZERO' */;
SET foreign_key_checks = 0;
-- Exportiere Struktur von Tabelle SWT14.association
CREATE TABLE IF NOT EXISTS `association` (
  `id` int(11) NOT NULL AUTO_INCREMENT,
  `name` varchar(255) DEFAULT NULL,
  `team_name` varchar(255) DEFAULT NULL,
  `team_captain` int(11) DEFAULT NULL,
  `confederation` varchar(255) DEFAULT NULL,
  `founded` date DEFAULT NULL,
  `trikot_color` enum('grün','blau','gelb','rot','weiß','orange') DEFAULT NULL,
  `address` varchar(255) DEFAULT NULL,
  `phone` varchar(255) DEFAULT NULL,
  `fax` varchar(255) DEFAULT NULL,
  `homepage` varchar(255) DEFAULT NULL,
  `members` int(11) DEFAULT NULL,
  PRIMARY KEY (`id`),
  KEY `association_player` (`team_captain`),
  CONSTRAINT `association_player` FOREIGN KEY (`team_captain`) REFERENCES `player` (`person_id`) ON DELETE CASCADE ON UPDATE CASCADE
) ENGINE=InnoDB AUTO_INCREMENT=52 DEFAULT CHARSET=utf8;

-- Exportiere Daten aus Tabelle SWT14.association: ~32 rows (ungefähr)
/*!40000 ALTER TABLE `association` DISABLE KEYS */;
INSERT INTO `association` (`id`, `name`, `team_name`, `team_captain`, `confederation`, `founded`, `trikot_color`, `address`, `phone`, `fax`, `homepage`, `members`) VALUES
	(1, 'Fédération Algérienne de Football', 'Algerien', 10, 'CAF', '1961-11-30', 'grün', 'Fédération Algérienne de Football Chemin Ahmed Ouaked Case postale 39 Dely-Ibrahim - Alger', '0 21 - 372 929', '0 21 - 367 266', 'www.faf.org.dz', 720000),
	(2, 'Asociación del Fútbol Argentino', 'Argentinien', 38, 'CONMEBOL', '1893-01-01', 'blau', 'Asociación del Fútbol Argentino Viamonte 1366/76 1053 Buenos Aires', '0 11 - 43 72 79 00', '0 11 - 43 75 44 10', 'www.afa.org.ar', 1543410),
	(3, 'Football Federation Australia', 'Australien', 57, 'AFC', '1913-11-30', 'grün', '1 Oxford Street Darlinghurst NSW 2010', '+(61) 2 8020 4000', '+(61) 2 8020 4100', 'www.footballaustralia.com.au', 970728),
	(4, 'Confederação Brasileira de Futebol', 'Brasilien', 81, 'CONMEBOL', '1913-11-30', 'gelb', 'Rua Victor Civita, 66 Bloco 1 - Edifício 5 - 5 Andar Barra da Tijuca 22775-04 Rio de Janeiro', '0 21 - 38 70 36 10', '0 21 - 38 70 36 12', 'www.cbfnews.com', 7077874),
	(5, 'Federación de Fútbol de Chile', 'Chile', 101, 'CONMEBOL', '1895-06-19', 'rot', 'Avenida Quillín No. 5635 - Comuna Penalolén Casilla No. 3733 Central de Casillas Santiago de Chile', '02 / 397 50 00', '02 / 284 35 10', 'www.anfp.cl', 3720000),
	(6, 'Dansk Boldspil-Union', 'Dänemark', 140, 'UEFA', '1889-05-18', 'rot', 'Dansk Boldspil-Union Idraettens Hus Bröndby Stadion 20 2605 Bröndby', '0 43 / 26 22 22', '0 43 / 26 22 45', 'www.dbu.dk', 407900),
	(7, 'Deutscher Fussballbund', 'Deutschland', 157, 'UEFA', '1900-01-28', 'weiß', 'Deutscher Fußball-Bund Otto-Fleck-Schneise 6 60524 Frankfurt/Main', '0 69 / 67 88 0', '0 69 / 67 88 266', 'www.dfb.de', 6756562),
	(8, 'Fédération Ivoirienne de Football', 'Elfenbeinküste', 183, 'CAF', '1959-11-30', 'orange', 'Case postale 1202 01 Abidjan', '+225/2124 0027', '+225/2125 9552', 'www.fif-ci.com', 580000),
	(9, 'The Football Association', 'England', 213, 'UEFA', '1863-10-26', 'weiß', 'The Football Association 25 Soho Square London W1D 4FA', '0 20 / 77 45 45 45', '0 20 / 77 45 45 46', 'www.thefa.com', 5000000),
	(10, 'Fédération Française de Football', 'Frankreich', 229, 'UEFA', '1919-04-07', 'blau', 'Fédération Francaise de Football 60 Bis Avenue d´Iéna 75783 Paris Cedex 16', '01 / 44 31 73 00', '01 / 47 20 82 96', 'www.fff.fr', 2994423),
	(11, 'Ghana Football Association', 'Ghana', 253, 'CAF', '1956-11-30', 'weiß', 'General Secretariat National Sports Council P.O. Box 1272 Accra', '+233-21/910 170', '+233-21/688 590', 'www.ghanafa.org', 600000),
	(12, 'Elliniki Podosferiki Omospondia', 'Griechenland', 283, 'UEFA', '1926-11-14', 'blau', '137, Singrou Avenue Nea Smirni 17121 Athen', '02 10 / 930 60 00', '02 10 / 935 96 66', 'www.epo.gr', 400000),
	(13, 'Federación Nacional Autónoma de Fútbol de Honduras', 'Honduras', 307, 'CONCACAF', '1950-11-30', 'blau', 'Colonia Florencia Norte, Ave. Roble Edificio Plaza América Ave. Roble, 1 y 2 Nivel Tegucigalpa', '+504/232 0572', '+504/239 8826', 'www.fenafuth.hn', 80000),
	(14, 'Federazione Italiana Giuoco Calcio', 'Italien', 324, 'UEFA', '1898-03-15', 'blau', 'Federazione Italiana Giuoco Calcio Via Gregorio Allegri 14 C.P. 2450 00198 Roma', '06 / 84 911', '06 / 84 912 526', 'www.figc.it', 4042887),
	(15, 'Japan Football Association', 'Japan', 354, 'AFC', '1920-11-30', 'blau', 'Japan Football Association 3rd Floor, Shibuya Nomura Building 1-10-8 Dogenzaka, Shibuya-Ku Tokyo 150-0043', '03 / 34 76 20 11', '03 / 34 76 22 91', 'www.jfa.or.jp', 3518249),
	(16, 'Fédération Camerounaise de Football', 'Kamerun', 387, 'CAF', '1959-01-11', 'grün', 'Fédération Camerounaise de Footbal B. P. 1116 Yaoundé', '00237-210012', '00237-216662', 'www.fecafootonline.com', 105900),
	(17, 'Federación Mexicana de Fútbol Asociación', 'Mexiko', 406, 'CONCACAF', '1927-01-01', 'grün', 'Federación Mexicana de Fútbol Associación A. C. Abraham Gonzalez 74 Col. Juárez C.P. 06600 Mexico, D.F.', '00 52 / 566 21 55', '00 52 / 566 75 80', 'www.femexfut.org.mx', 7431725),
	(18, 'New Zealand Football', 'Neuseeland', 421, 'OFC', '1890-11-30', 'weiß', 'Lion Foundation House North Harbour Stadium Oteha Valley Rd Albany, Auckland', '09 / 41 40 175', '09 / 41 40 176', 'www.nzsoccer.com', 77000),
	(19, 'Koninklijke Nederlandse Voetbal Bond', 'Niederlande', 455, 'UEFA', '1889-12-08', 'orange', 'Woudenbergseweg 56-58 PO Box 515 3700 Am Zeist', '03 43 / 49 92 11', '03 43 / 49 91 89', 'www.knvb.nl', 2500000),
	(20, 'Nigeria Football Federation', 'Nigeria', 477, 'CAF', '1945-01-01', 'grün', 'Nigeria Football Association Plot 2033 Olusegun, Obasanjo Way WUSE Zone 7 Abuja', '00234-9-5237326', '00234-9-5237327', 'www.nigeriaff.com', 589615),
	(21, 'Chosŏn Minjujuŭi Inmin Konghwaguk Ch\'ukku Hyŏphwi', 'Nordkorea', 511, 'AFC', '1944-11-30', 'rot', NULL, NULL, NULL, NULL, 10000),
	(22, 'Asociación Paraguaya de Fútbol', 'Paraguay', 519, 'CONMEBOL', '1906-06-18', 'rot', 'Asociación Paraguaya de Fútbol Estadio de Sajonia Calles Mayor Martinez y Alejo Garcia 1393 Asuncion', '0 21 / 48 01 20', '0 21 / 48 01 24', 'www.apf.org.py', 720251),
	(23, 'Federação Portuguesa de Futebol', 'Portugal', 560, 'UEFA', '1914-03-31', 'rot', 'Rua Alexandre Herculano 58 1250-012 Lisboa', '0 21 / 32 52 700', '0 21 / 32 52 780', 'www.fpf.pt', 291200),
	(24, 'Schweizerischer Fussballverband', 'Schweiz', 580, 'UEFA', '1895-04-07', 'rot', 'Generalsekretariat Haus des Schweizer Fussballs Postfach 3000 Bern', '0 31 / 950 81 11', '0 31 / 950 81 81', 'www.football.ch', 208000),
	(25, 'Fudbalski Savez Srbije', 'Serbien', 607, 'UEFA', '1919-04-15', 'rot', 'Terazije 35 P.O. Box 263 11000 Beograd', '0 11 / 32 34 253', '0 11 / 32 33 433', 'www.fss.rs', 170000),
	(26, 'Slovenský futbalový zväz', 'Slowakei', 625, 'UEFA', '1938-11-04', 'blau', 'Junácka 6 83280 Bratislava', '02 / 49 24 91 51', '02 / 49 24 95 95', 'www.futbalsfz.sk', 200000),
	(27, 'Nogometna zveza Slovenije', 'Slowenien', 652, 'UEFA', '1920-04-23', 'weiß', 'Nogometna Zveza Slovenije Cerinova 4 P.P. 3986 1001 Ljubljana', '01 / 53 00 400', '01 / 53 00 410', 'www.nzs.si', 75480),
	(28, 'Real Federación Española de Fútbol', 'Spanien', 663, 'UEFA', '1909-10-14', 'rot', 'Ciudad del Fútbol Español Calle Ramón y Cajal Las Rozas 28230 Madrid', '++34 / 914 959 800', '++34 / 914 959 801', 'www.rfef.es', 2457654),
	(29, 'The South African Football Association', 'Südafrika', 694, 'CAF', '1991-01-01', 'gelb', 'South African Football Association First National Bank Stadium, Nasrec P.O. Box 910 Johannesburg 2000', '0027-11-4943522', '0027-11-4943013', 'www.safa.net', 524700),
	(30, 'Chosŏn Minjujuŭi Inmin Konghwaguk Ch\'ukku Hyŏphwi', 'Südkorea', 728, 'AFC', '1928-01-01', 'rot', 'Korea Football Association Chongru-Ku Seoul 110-062', '0082-2-7377538', '0082-2-7352755', 'www.kfa.or.kr', 522037),
	(31, 'Asociación Uruguaya de Fútbol', 'Uruguay', 742, 'CONMEBOL', '1899-11-30', 'blau', 'Guayabo 1531 11200 Montevideo', '0 82 / 400 48 14', '0 82 / 409 05 50', 'www.auf.org.uy', 201785),
	(32, 'United States Soccer Federation', 'USA', 763, 'CONCACAF', '1913-01-01', 'weiß', 'US Soccer US Soccer House 1801-1811 S. Prairie Ave. Chicago IL 60616', '001-312-8081300', '001-312-8081301', 'www.ussoccer.com', 18746977);
/*!40000 ALTER TABLE `association` ENABLE KEYS */;


-- Exportiere Struktur von Tabelle SWT14.coach
CREATE TABLE IF NOT EXISTS `coach` (
  `person_id` int(11) NOT NULL,
  `type` enum('Coach','Co-Coach','Goaly-Coach') DEFAULT NULL,
  `association` int(11) DEFAULT NULL,
  PRIMARY KEY (`person_id`),
  KEY `coach_asso_idx` (`association`)
) ENGINE=InnoDB DEFAULT CHARSET=utf8;

-- Exportiere Daten aus Tabelle SWT14.coach: ~48 rows (ungefähr)
/*!40000 ALTER TABLE `coach` DISABLE KEYS */;
INSERT INTO `coach` (`person_id`, `type`, `association`) VALUES
	(24, 'Coach', 1),
	(48, 'Coach', 2),
	(72, 'Coach', 3),
	(73, 'Co-Coach', 3),
	(74, 'Co-Coach', 3),
	(75, 'Goaly-Coach', 3),
	(99, 'Coach', 4),
	(100, 'Co-Coach', 4),
	(124, 'Coach', 5),
	(148, 'Coach', 6),
	(172, 'Coach', 7),
	(173, 'Co-Coach', 7),
	(174, 'Goaly-Coach', 7),
	(198, 'Coach', 8),
	(199, 'Co-Coach', 8),
	(223, 'Coach', 9),
	(247, 'Coach', 10),
	(271, 'Coach', 11),
	(294, 'Coach', 12),
	(318, 'Coach', 13),
	(342, 'Coach', 14),
	(366, 'Coach', 15),
	(390, 'Coach', 16),
	(414, 'Coach', 17),
	(438, 'Coach', 18),
	(439, 'Co-Coach', 18),
	(463, 'Coach', 19),
	(464, 'Co-Coach', 19),
	(465, 'Co-Coach', 19),
	(466, 'Co-Coach', 19),
	(467, 'Goaly-Coach', 19),
	(491, 'Coach', 20),
	(515, 'Coach', 21),
	(516, 'Co-Coach', 21),
	(540, 'Coach', 22),
	(541, 'Co-Coach', 22),
	(565, 'Coach', 23),
	(589, 'Coach', 24),
	(590, 'Co-Coach', 24),
	(614, 'Coach', 25),
	(638, 'Coach', 26),
	(662, 'Coach', 27),
	(686, 'Coach', 28),
	(710, 'Coach', 29),
	(734, 'Coach', 30),
	(759, 'Coach', 31),
	(783, 'Coach', 32),
	(784, 'Co-Coach', 32);
/*!40000 ALTER TABLE `coach` ENABLE KEYS */;


-- Exportiere Struktur von Tabelle SWT14.dual_citizenship
CREATE TABLE IF NOT EXISTS `dual_citizenship` (
  `person_id` int(11) NOT NULL,
  `citizenship2` varchar(255) NOT NULL,
  PRIMARY KEY (`person_id`),
  CONSTRAINT `FK_dual_citizenship_person` FOREIGN KEY (`person_id`) REFERENCES `person` (`id`) ON DELETE CASCADE ON UPDATE CASCADE
) ENGINE=InnoDB DEFAULT CHARSET=utf8;

-- Exportiere Daten aus Tabelle SWT14.dual_citizenship: ~124 rows (ungefähr)
/*!40000 ALTER TABLE `dual_citizenship` DISABLE KEYS */;
INSERT INTO `dual_citizenship` (`person_id`, `citizenship2`) VALUES
	(3, 'Frankreich'),
	(5, 'Frankreich'),
	(9, 'Frankreich'),
	(10, 'Frankreich'),
	(11, 'Frankreich'),
	(14, 'Frankreich'),
	(15, 'Frankreich'),
	(16, 'Frankreich'),
	(17, 'Frankreich'),
	(18, 'Frankreich'),
	(19, 'Frankreich'),
	(20, 'Frankreich'),
	(21, 'Frankreich'),
	(22, 'Frankreich'),
	(28, 'Italien'),
	(29, 'Italien'),
	(32, 'Italien'),
	(35, 'Italien'),
	(37, 'Italien'),
	(38, 'Italien'),
	(39, 'Italien'),
	(42, 'Spanien'),
	(43, 'Frankreich'),
	(44, 'Spanien'),
	(50, 'Kroatien'),
	(51, 'Deutschland'),
	(52, 'Frankreich'),
	(54, 'Schweiz'),
	(56, 'Schottland'),
	(57, 'England'),
	(59, 'Italien'),
	(60, 'Samoa'),
	(61, 'Kroatien'),
	(63, 'Italien'),
	(66, 'England'),
	(67, 'Italien'),
	(68, 'Kroatien'),
	(69, 'Uruguay'),
	(71, 'Ukraine'),
	(104, 'Spanien'),
	(114, 'Südafrika'),
	(166, 'Brasilien'),
	(179, 'Frankreich'),
	(182, 'Frankreich'),
	(184, 'Frankreich'),
	(226, 'DR Kongo'),
	(229, 'Senegal'),
	(230, 'Guadeloupe'),
	(245, 'Benin'),
	(250, 'Türkei'),
	(256, 'Deutschland'),
	(263, 'Deutschland'),
	(267, 'Frankreich'),
	(269, 'Niederlande'),
	(282, 'Tschechien'),
	(293, 'Australien'),
	(312, 'USA'),
	(333, 'Deutschland'),
	(350, 'Brasilien'),
	(370, 'Frankreich'),
	(371, 'Frankreich'),
	(372, 'Frankreich'),
	(373, 'Deutschland'),
	(375, 'Frankreich'),
	(384, 'Frankreich'),
	(386, 'Deutschland'),
	(387, 'Spanien'),
	(392, 'Spanien'),
	(396, 'Spanien'),
	(406, 'Spanien'),
	(410, 'Spanien'),
	(424, 'England'),
	(426, 'Griechenland'),
	(428, 'England'),
	(432, 'Schottland'),
	(436, 'Australien'),
	(437, 'England'),
	(443, 'Marokko'),
	(448, 'Curaçao'),
	(449, 'Marokko'),
	(450, 'Suriname'),
	(456, 'Spanien'),
	(457, 'Suriname'),
	(458, 'Suriname'),
	(489, 'Russland'),
	(529, 'Paraguay'),
	(531, 'Argentinien'),
	(534, 'Argentinien'),
	(538, 'Spanien'),
	(543, 'Kanada'),
	(549, 'Brasilien'),
	(553, 'Brasilien'),
	(561, 'Venezuela'),
	(563, 'Brasilien'),
	(565, 'Mosambik'),
	(566, 'Italien'),
	(567, 'Italien'),
	(568, 'Italien'),
	(573, 'Spanien'),
	(576, 'Italien'),
	(577, 'Kosovo'),
	(578, 'Kapverdische Inseln'),
	(580, 'Türkei'),
	(584, 'Türkei'),
	(586, 'Türkei'),
	(589, 'Schweiz'),
	(599, 'USA'),
	(603, 'Schweiz'),
	(607, 'Jugoslawien'),
	(614, 'Jugoslawien'),
	(640, 'Bosnien-Herzegowina'),
	(661, 'Serbien'),
	(692, 'Swasiland'),
	(740, 'Spanien'),
	(749, 'Italien'),
	(756, 'Spanien'),
	(761, 'Deutschland'),
	(763, 'Mexiko'),
	(764, 'Mexiko'),
	(768, 'Belgien'),
	(776, 'Österreich'),
	(777, 'Schottland'),
	(778, 'Mexiko'),
	(779, 'Haiti');
/*!40000 ALTER TABLE `dual_citizenship` ENABLE KEYS */;


-- Exportiere Struktur von Tabelle SWT14.matches
CREATE TABLE IF NOT EXISTS `matches` (
  `id` int(11) NOT NULL,
  `kickoff` datetime DEFAULT NULL,
  `stadium` int(11) DEFAULT NULL,
  `team_home` int(11) DEFAULT NULL,
  `team_away` int(11) DEFAULT NULL,
  `goals_home` int(11) DEFAULT NULL,
  `goals_away` int(11) DEFAULT NULL,
  `type` enum('group','last16','quarter','semi','thirdPlace','final') DEFAULT NULL,
  `attendance` int(11) DEFAULT NULL,
  PRIMARY KEY (`id`),
  KEY `match_statdium_idx` (`stadium`),
  KEY `match_team_home_idx` (`team_home`),
  KEY `match_team_away_idx` (`team_away`),
  CONSTRAINT `match_statdium` FOREIGN KEY (`stadium`) REFERENCES `stadium` (`id`) ON DELETE CASCADE ON UPDATE CASCADE,
  CONSTRAINT `match_team_home` FOREIGN KEY (`team_home`) REFERENCES `association` (`id`) ON DELETE CASCADE ON UPDATE CASCADE,
  CONSTRAINT `match_team_away` FOREIGN KEY (`team_away`) REFERENCES `association` (`id`) ON DELETE CASCADE ON UPDATE CASCADE
) ENGINE=InnoDB DEFAULT CHARSET=utf8;

-- Exportiere Daten aus Tabelle SWT14.matches: ~64 rows (ungefähr)
/*!40000 ALTER TABLE `matches` DISABLE KEYS */;
INSERT INTO `matches` (`id`, `kickoff`, `stadium`, `team_home`, `team_away`, `goals_home`, `goals_away`, `type`, `attendance`) VALUES
	(1, '2010-06-11 16:00:00', 3, 29, 17, 1, 1, 'group', 84490),
	(2, '2010-06-11 20:30:00', 1, 31, 10, 0, 0, 'group', 64100),
	(3, '2010-06-16 20:30:00', 5, 29, 31, 0, 3, 'group', 42658),
	(4, '2010-06-17 20:30:00', 9, 10, 17, 0, 2, 'group', 35370),
	(5, '2010-06-22 16:00:00', 10, 17, 31, 0, 1, 'group', 33425),
	(6, '2010-06-22 16:00:00', 4, 10, 29, 1, 2, 'group', 39145),
	(7, '2010-06-12 13:30:00', 8, 12, 30, 2, 0, 'group', 31513),
	(8, '2010-06-12 16:00:00', 2, 2, 20, 1, 0, 'group', 55686),
	(9, '2010-06-17 13:30:00', 3, 2, 30, 4, 1, 'group', 82174),
	(10, '2010-06-17 16:00:00', 4, 12, 20, 2, 1, 'group', 31593),
	(11, '2010-06-22 20:30:00', 7, 20, 30, 2, 2, 'group', 61874),
	(12, '2010-06-22 20:30:00', 9, 12, 2, 0, 2, 'group', 38891),
	(13, '2010-06-12 20:30:00', 10, 9, 32, 1, 1, 'group', 38646),
	(14, '2010-06-13 13:30:00', 9, 1, 27, 0, 1, 'group', 30325),
	(15, '2010-06-18 16:00:00', 2, 27, 32, 2, 2, 'group', 45573),
	(16, '2010-06-18 20:30:00', 1, 9, 1, 0, 0, 'group', 64100),
	(17, '2010-06-23 16:00:00', 1, 27, 9, 0, 1, 'group', 36893),
	(18, '2010-06-23 16:00:00', 5, 32, 1, 1, 0, 'group', 35827),
	(19, '2010-06-13 16:00:00', 5, 25, 11, 0, 1, 'group', 38833),
	(20, '2010-06-13 20:30:00', 7, 7, 3, 4, 0, 'group', 62660),
	(21, '2010-06-18 13:30:00', 8, 7, 25, 0, 1, 'group', 38294),
	(22, '2010-06-19 16:00:00', 10, 11, 3, 1, 1, 'group', 348152),
	(23, '2010-06-23 20:30:00', 3, 11, 7, 0, 1, 'group', 83391),
	(24, '2010-06-23 20:30:00', 6, 3, 25, 2, 1, 'group', 83391),
	(25, '2010-06-14 13:30:00', 3, 19, 6, 2, 0, 'group', 83465),
	(26, '2010-06-14 16:00:00', 4, 15, 16, 1, 0, 'group', 30620),
	(27, '2010-06-19 13:30:00', 7, 19, 15, 1, 0, 'group', 62010),
	(28, '2010-06-19 20:30:00', 5, 16, 6, 1, 2, 'group', 38074),
	(29, '2010-06-24 20:30:00', 10, 6, 15, 1, 3, 'group', 27967),
	(30, '2010-06-24 20:30:00', 1, 16, 19, 1, 2, 'group', 63093),
	(31, '2010-06-14 20:30:00', 1, 14, 22, 1, 1, 'group', 62869),
	(32, '2010-06-15 13:30:00', 10, 18, 26, 1, 1, 'group', 23871),
	(33, '2010-06-20 13:30:00', 4, 26, 22, 0, 2, 'group', 26643),
	(34, '2010-06-20 16:00:00', 6, 14, 18, 1, 1, 'group', 38229),
	(35, '2010-06-24 16:00:00', 2, 26, 14, 3, 2, 'group', 52412),
	(36, '2010-06-24 16:00:00', 9, 22, 18, 0, 0, 'group', 34850),
	(37, '2010-06-15 16:00:00', 8, 8, 23, 0, 0, 'group', 37034),
	(38, '2010-06-15 20:30:00', 2, 4, 21, 2, 1, 'group', 54331),
	(39, '2010-06-20 20:30:00', 3, 4, 8, 3, 1, 'group', 84455),
	(40, '2010-06-21 13:30:00', 1, 23, 21, 7, 0, 'group', 63644),
	(41, '2010-06-25 16:00:00', 6, 21, 8, 0, 3, 'group', 34763),
	(42, '2010-06-25 16:00:00', 7, 23, 4, 0, 0, 'group', 62712),
	(43, '2010-06-16 13:30:00', 6, 13, 5, 0, 1, 'group', 32664),
	(44, '2010-06-16 16:00:00', 7, 28, 24, 0, 1, 'group', 62453),
	(45, '2010-06-21 16:00:00', 8, 5, 24, 1, 0, 'group', 34872),
	(46, '2010-06-21 20:30:00', 2, 28, 13, 2, 0, 'group', 54386),
	(47, '2010-06-25 20:30:00', 4, 24, 13, 0, 0, 'group', 28042),
	(48, '2010-06-25 20:30:00', 5, 5, 28, 1, 2, 'group', 41958),
	(49, '2010-06-26 16:00:00', 9, 31, 30, 2, 1, 'last16', 30597),
	(50, '2010-06-26 20:30:00', 10, 32, 11, 1, 2, 'last16', 34976),
	(51, '2010-06-27 16:00:00', 4, 7, 9, 4, 1, 'last16', 40510),
	(52, '2010-06-27 20:30:00', 3, 2, 17, 3, 1, 'last16', 84377),
	(53, '2010-06-28 16:00:00', 7, 19, 26, 2, 1, 'last16', 61962),
	(54, '2010-06-28 20:30:00', 2, 4, 5, 3, 0, 'last16', 54096),
	(55, '2010-06-29 16:00:00', 5, 22, 15, 5, 3, 'last16', 36742),
	(56, '2010-06-29 20:30:00', 1, 28, 23, 1, 0, 'last16', 62955),
	(57, '2010-07-02 16:00:00', 8, 19, 4, 2, 1, 'quarter', 40186),
	(58, '2010-07-02 20:30:00', 3, 31, 11, 4, 2, 'quarter', 84017),
	(59, '2010-07-03 16:00:00', 1, 4, 7, 0, 4, 'quarter', 64100),
	(60, '2010-07-03 20:30:00', 2, 22, 28, 0, 1, 'quarter', 55395),
	(61, '2010-07-06 20:30:00', 1, 19, 31, 2, 3, 'semi', 62479),
	(62, '2010-07-07 20:30:00', 7, 7, 28, 0, 1, 'semi', 60960),
	(63, '2010-07-10 20:30:00', 8, 31, 7, 2, 3, 'thirdPlace', 36254),
	(64, '2010-07-11 20:30:00', 3, 19, 28, 0, 1, 'final', 84490);
/*!40000 ALTER TABLE `matches` ENABLE KEYS */;


-- Exportiere Struktur von Tabelle SWT14.match_has_refs
CREATE TABLE IF NOT EXISTS `match_has_refs` (
  `match_id` int(11) NOT NULL,
  `referee_id` int(11) NOT NULL,
  `role` enum('referee','assistant','fourth_official') NOT NULL,
  PRIMARY KEY (`match_id`,`referee_id`),
  KEY `match_has_refs_referee_idx` (`referee_id`),
  CONSTRAINT `match_has_refs_referee` FOREIGN KEY (`referee_id`) REFERENCES `referee` (`person_id`) ON DELETE CASCADE ON UPDATE CASCADE,
  CONSTRAINT `match_has_refs_match` FOREIGN KEY (`match_id`) REFERENCES `matches` (`id`) ON DELETE CASCADE ON UPDATE CASCADE
) ENGINE=InnoDB DEFAULT CHARSET=utf8;

-- Exportiere Daten aus Tabelle SWT14.match_has_refs: ~192 rows (ungefähr)
/*!40000 ALTER TABLE `match_has_refs` DISABLE KEYS */;
INSERT INTO `match_has_refs` (`match_id`, `referee_id`, `role`) VALUES
	(1, 785, 'referee'),
	(1, 809, 'assistant'),
	(1, 810, 'assistant'),
	(2, 789, 'referee'),
	(2, 811, 'assistant'),
	(2, 812, 'assistant'),
	(3, 806, 'referee'),
	(3, 813, 'assistant'),
	(3, 814, 'assistant'),
	(4, 797, 'referee'),
	(4, 815, 'assistant'),
	(4, 816, 'assistant'),
	(5, 787, 'referee'),
	(5, 817, 'assistant'),
	(5, 818, 'assistant'),
	(6, 804, 'referee'),
	(6, 819, 'assistant'),
	(6, 820, 'assistant'),
	(7, 808, 'referee'),
	(7, 821, 'assistant'),
	(7, 822, 'assistant'),
	(8, 795, 'referee'),
	(8, 823, 'assistant'),
	(8, 824, 'assistant'),
	(9, 794, 'referee'),
	(9, 825, 'assistant'),
	(9, 826, 'assistant'),
	(10, 804, 'referee'),
	(10, 819, 'assistant'),
	(10, 820, 'assistant'),
	(11, 793, 'referee'),
	(11, 827, 'assistant'),
	(11, 828, 'assistant'),
	(12, 785, 'referee'),
	(12, 809, 'assistant'),
	(12, 810, 'assistant'),
	(13, 805, 'referee'),
	(13, 829, 'assistant'),
	(13, 830, 'assistant'),
	(14, 792, 'referee'),
	(14, 831, 'assistant'),
	(14, 832, 'assistant'),
	(15, 792, 'referee'),
	(15, 833, 'assistant'),
	(15, 834, 'assistant'),
	(16, 785, 'referee'),
	(16, 809, 'assistant'),
	(16, 810, 'assistant'),
	(17, 795, 'referee'),
	(17, 823, 'assistant'),
	(17, 824, 'assistant'),
	(18, 794, 'referee'),
	(18, 825, 'assistant'),
	(18, 826, 'assistant'),
	(19, 786, 'referee'),
	(19, 835, 'assistant'),
	(19, 836, 'assistant'),
	(20, 802, 'referee'),
	(20, 837, 'assistant'),
	(20, 838, 'assistant'),
	(21, 796, 'referee'),
	(21, 839, 'assistant'),
	(21, 840, 'assistant'),
	(22, 803, 'referee'),
	(22, 841, 'assistant'),
	(22, 842, 'assistant'),
	(23, 805, 'referee'),
	(23, 829, 'assistant'),
	(23, 830, 'assistant'),
	(24, 788, 'referee'),
	(24, 843, 'assistant'),
	(24, 844, 'assistant'),
	(25, 799, 'referee'),
	(25, 845, 'assistant'),
	(25, 846, 'assistant'),
	(26, 793, 'referee'),
	(26, 827, 'assistant'),
	(26, 828, 'assistant'),
	(27, 786, 'referee'),
	(27, 835, 'assistant'),
	(27, 836, 'assistant'),
	(28, 788, 'referee'),
	(28, 843, 'assistant'),
	(28, 844, 'assistant'),
	(29, 798, 'referee'),
	(29, 847, 'assistant'),
	(29, 848, 'assistant'),
	(30, 801, 'referee'),
	(30, 849, 'assistant'),
	(30, 850, 'assistant'),
	(31, 791, 'referee'),
	(31, 851, 'assistant'),
	(31, 852, 'assistant'),
	(32, 798, 'referee'),
	(32, 847, 'assistant'),
	(32, 848, 'assistant'),
	(33, 800, 'referee'),
	(33, 853, 'assistant'),
	(33, 854, 'assistant'),
	(34, 792, 'referee'),
	(34, 831, 'assistant'),
	(34, 832, 'assistant'),
	(35, 790, 'referee'),
	(35, 855, 'assistant'),
	(35, 856, 'assistant'),
	(36, 789, 'referee'),
	(36, 811, 'assistant'),
	(36, 812, 'assistant'),
	(37, 788, 'referee'),
	(37, 843, 'assistant'),
	(37, 844, 'assistant'),
	(38, 787, 'referee'),
	(38, 817, 'assistant'),
	(38, 818, 'assistant'),
	(39, 799, 'referee'),
	(39, 845, 'assistant'),
	(39, 846, 'assistant'),
	(40, 801, 'referee'),
	(40, 849, 'assistant'),
	(40, 850, 'assistant'),
	(41, 796, 'referee'),
	(41, 839, 'assistant'),
	(41, 840, 'assistant'),
	(42, 791, 'referee'),
	(42, 851, 'assistant'),
	(42, 852, 'assistant'),
	(43, 800, 'referee'),
	(43, 853, 'assistant'),
	(43, 854, 'assistant'),
	(44, 790, 'referee'),
	(44, 855, 'assistant'),
	(44, 856, 'assistant'),
	(45, 797, 'referee'),
	(45, 815, 'assistant'),
	(45, 816, 'assistant'),
	(46, 789, 'referee'),
	(46, 811, 'assistant'),
	(46, 812, 'assistant'),
	(47, 786, 'referee'),
	(47, 835, 'assistant'),
	(47, 836, 'assistant'),
	(48, 802, 'referee'),
	(48, 837, 'assistant'),
	(48, 838, 'assistant'),
	(49, 795, 'referee'),
	(49, 823, 'assistant'),
	(49, 824, 'assistant'),
	(50, 787, 'referee'),
	(50, 817, 'assistant'),
	(50, 818, 'assistant'),
	(51, 788, 'referee'),
	(51, 843, 'assistant'),
	(51, 844, 'assistant'),
	(52, 803, 'referee'),
	(52, 841, 'assistant'),
	(52, 842, 'assistant'),
	(53, 796, 'referee'),
	(53, 839, 'assistant'),
	(53, 840, 'assistant'),
	(54, 790, 'referee'),
	(54, 855, 'assistant'),
	(54, 856, 'assistant'),
	(55, 794, 'referee'),
	(55, 825, 'assistant'),
	(55, 826, 'assistant'),
	(56, 786, 'referee'),
	(56, 835, 'assistant'),
	(56, 836, 'assistant'),
	(57, 789, 'referee'),
	(57, 811, 'assistant'),
	(57, 812, 'assistant'),
	(58, 793, 'referee'),
	(58, 827, 'assistant'),
	(58, 828, 'assistant'),
	(59, 785, 'referee'),
	(59, 809, 'assistant'),
	(59, 810, 'assistant'),
	(60, 792, 'referee'),
	(60, 831, 'assistant'),
	(60, 832, 'assistant'),
	(61, 785, 'referee'),
	(61, 809, 'assistant'),
	(61, 810, 'assistant'),
	(62, 787, 'referee'),
	(62, 817, 'assistant'),
	(62, 818, 'assistant'),
	(63, 791, 'referee'),
	(63, 851, 'assistant'),
	(63, 852, 'assistant'),
	(64, 790, 'referee'),
	(64, 855, 'assistant'),
	(64, 856, 'assistant');
/*!40000 ALTER TABLE `match_has_refs` ENABLE KEYS */;


-- Exportiere Struktur von Tabelle SWT14.person
CREATE TABLE IF NOT EXISTS `person` (
  `id` int(11) NOT NULL AUTO_INCREMENT,
  `name` varchar(255) DEFAULT NULL,
  `age` int(11) DEFAULT NULL,
  `birthplace` varchar(255) DEFAULT NULL,
  `native_country` varchar(255) DEFAULT NULL,
  `citizenship` varchar(255) DEFAULT NULL,
  `size` int(11) DEFAULT NULL,
  `weight` int(11) DEFAULT NULL,
  PRIMARY KEY (`id`)
) ENGINE=InnoDB AUTO_INCREMENT=857 DEFAULT CHARSET=utf8;

-- Exportiere Daten aus Tabelle SWT14.person: ~894 rows (ungefähr)
/*!40000 ALTER TABLE `person` DISABLE KEYS */;
INSERT INTO `person` (`id`, `name`, `age`, `birthplace`, `native_country`, `citizenship`, `size`, `weight`) VALUES
	(1, 'Fawzi Chaouchi', 26, 'Bordj Ménaiel', 'Algerien', 'Algerien', 192, 82),
	(2, 'Lounés Gaouaoui', 33, 'Tizi-Ouzou', 'Algerien', 'Algerien', 188, 84),
	(3, 'Raïs M\'Bolhi', 24, 'Paris', 'Frankreich', 'Algerien', 190, 80),
	(4, 'Nadir Belhadj', 28, 'Saint-Claude', 'Frankreich', 'Algerien', 178, 74),
	(5, 'Habib Bellaïd', 24, 'Bobigny', 'Frankreich', 'Algerien', 188, 75),
	(6, 'Madjid Bougherra', 28, 'Longvic', 'Frankreich', 'Algerien', 189, 89),
	(7, 'Rafik Halliche', 24, 'Alger', 'Algerien', 'Algerien', 187, 77),
	(8, 'Abdelkader Laïfaoui', 29, 'Hussein Dey', 'Algerien', 'Algerien', 178, 69),
	(9, 'Carl Medjani', 25, 'Lyon', 'Frankreich', 'Algerien', 184, 84),
	(10, 'Anthar Yahia', 28, 'Mulhouse', 'Frankreich', 'Algerien', 184, 75),
	(11, 'Djamel Abdoun', 24, 'Montreuil', 'Frankreich', 'Algerien', 180, 65),
	(12, 'Ryad Boudebouz', 20, 'Colmar', 'Frankreich', 'Algerien', 172, 59),
	(13, 'Adlène Guédioura', 25, 'La Roche-sur-Ron', 'Frankreich', 'Algerien', 183, 74),
	(14, 'Foued Kadir', 27, 'Martigues', 'Frankreich', 'Algerien', 179, 68),
	(15, 'Medhi Lacen', 26, 'Paris', 'Frankreich', 'Algerien', 178, 71),
	(16, 'Yazid Mansouri', 32, 'Revin', 'Algerien', 'Algerien', 175, 71),
	(17, 'Karim Matmour', 25, 'Strasbourg', 'Frankreich', 'Algerien', 181, 75),
	(18, 'Djamel Mesbah', 26, 'Annecy', 'Frankreich', 'Algerien', 180, 72),
	(19, 'Hassan Yebda', 26, 'Saint-Maurice', 'Frankreich', 'Algerien', 187, 80),
	(20, 'Karim Ziani', 28, 'Sévres', 'Frankreich', 'Algerien', 169, 67),
	(21, 'Rafik Djebbour', 26, 'Grenoble', 'Frankreich', 'Algerien', 185, 77),
	(22, 'Abdelkader Ghezzal', 26, 'Decines Charpieu', 'Frankreich', 'Algerien', 183, 78),
	(23, 'Rafik Saïfi', 35, 'Algier', 'Algerien', 'Algerien', 178, 72),
	(24, 'Rabah Saâdane', 64, 'Batna', 'Algerien', 'Algerien', 175, 75),
	(25, 'Mariano Andújar', 27, 'Buenos Aires', 'Argentinien', 'Argentinien', 194, 87),
	(26, 'Diego Pozo', 32, 'Mendoza', 'Argentinien', 'Argentinien', 183, 78),
	(27, 'Sergio Romero', 23, 'Yrigoyen', 'Argentinien', 'Argentinien', 191, 86),
	(28, 'Nicolás Burdisso', 29, 'Altos de Chipion', 'Argentinien', 'Argentinien', 182, 81),
	(29, 'Martín Demichelis', 30, 'Justiniano Posse', 'Argentinien', 'Argentinien', 184, 80),
	(30, 'Ariel Garcé', 31, 'Tandil', 'Argentinien', 'Argentinien', 178, 75),
	(31, 'Gabriel Heinze', 32, 'Crespo', 'Argentinien', 'Argentinien', 178, 72),
	(32, 'Nicolás Otamendi', 22, 'Pacheco', 'Argentinien', 'Argentinien', 184, 80),
	(33, 'Clemente Rodríguez', 29, 'Buenos Aires', 'Argentinien', 'Argentinien', 167, 65),
	(34, 'Walter Samuel', 32, 'Laborde', 'Argentinien', 'Argentinien', 184, 81),
	(35, 'Mario Bolatti', 25, 'La Para', 'Argentinien', 'Argentinien', 189, 81),
	(36, 'Ángel Di María', 22, 'Rosario', 'Argentinien', 'Argentinien', 180, 70),
	(37, 'Jonás Gutiérrez', 27, 'Saenz Peña', 'Argentinien', 'Argentinien', 182, 70),
	(38, 'Javier Mascherano', 26, 'Rosario', 'Argentinien', 'Argentinien', 174, 74),
	(39, 'Javier Pastore', 21, 'Córdoba', 'Argentinien', 'Argentinien', 187, 78),
	(40, 'Maxi Rodriguez', 29, 'Rosario', 'Argentinien', 'Argentinien', 180, 79),
	(41, 'Juan Sebastián Verón', 35, 'La Plata', 'Argentinien', 'Argentinien', 186, 81),
	(42, 'Kun Agüero', 22, 'Buenos Aires', 'Argentinien', 'Argentinien', 172, 74),
	(43, 'Gonzalo Higuaí­n', 23, 'Brest', 'Frankreich', 'Argentinien', 184, 82),
	(44, 'Lionel Messi', 23, 'Rosario', 'Argentinien', 'Argentinien', 169, 67),
	(45, 'Diego Milito', 31, 'Quilmes', 'Argentinien', 'Argentinien', 183, 78),
	(46, 'Martín Palermo', 37, 'La Plata', 'Argentinien', 'Argentinien', 187, 85),
	(47, 'Carlos Tévez', 26, 'Buenos Aires', 'Argentinien', 'Argentinien', 171, 75),
	(48, 'Diego Maradona', 50, 'Lanús', 'Argentinien', 'Argentinien', 167, 70),
	(49, 'Adam Federici', 25, 'Nowra', 'Australien', 'Australien', 188, 90),
	(50, 'Eugene Galekovic', 29, 'Melbourne', 'Australien', 'Australien', 186, 91),
	(51, 'Mark Schwarzer', 38, 'Sydney', 'Australien', 'Australien', 194, 85),
	(52, 'Michael Beauchamp', 29, 'Sydney', 'Australien', 'Australien', 191, 85),
	(53, 'David Carney', 27, 'Sydney', 'Australien', 'Australien', 181, 78),
	(54, 'Scott Chipperfield', 35, 'Sydney', 'Australien', 'Australien', 180, 71),
	(55, 'Mark Milligan', 25, 'Sydney', 'Australien', 'Australien', 178, 78),
	(56, 'Craig Moore', 35, 'Canterbury', 'Australien', 'Australien', 186, 76),
	(57, 'Lucas Neill', 32, 'Sydney', 'Australien', 'Australien', 185, 76),
	(58, 'Luke Wilkshire', 29, 'Wollongong', 'Australien', 'Australien', 177, 72),
	(59, 'Mark Bresciano', 30, 'Melbourne', 'Australien', 'Australien', 182, 73),
	(60, 'Tim Cahill', 31, 'Sydney', 'Australien', 'Australien', 180, 64),
	(61, 'Jason ?ulina', 30, 'Melbourne', 'Australien', 'Australien', 175, 72),
	(62, 'Brett Emerton', 31, 'Bankstown', 'Australien', 'Australien', 185, 87),
	(63, 'Vince Grella', 31, 'Dandenong', 'Australien', 'Australien', 183, 79),
	(64, 'Brett Holman', 26, 'Bankstown', 'Australien', 'Australien', 176, 75),
	(65, 'Mile Jedinak', 26, 'Sydney', 'Australien', 'Australien', 189, 88),
	(66, 'Harry Kewell', 32, 'Smithfield', 'Australien', 'Australien', 180, 77),
	(67, 'Carl Valeri', 26, 'Canberra', 'Australien', 'Australien', 180, 71),
	(68, 'Dario Vidoši?', 23, 'Osijek', 'Kroatien', 'Australien', 185, 74),
	(69, 'Richard García', 29, 'Perth', 'Australien', 'Australien', 180, 72),
	(70, 'Joshua Kennedy', 28, 'Wodonga', 'Australien', 'Australien', 192, 84),
	(71, 'Nikita Rukavytsya', 23, 'Mykolayiv', 'Ukraine', 'Australien', 183, 74),
	(72, 'Pim Verbeek', 54, 'Rotterdam', 'Niederlande', 'Niederlande', 182, 77),
	(73, 'Graham Arnold', 47, 'Sydney', 'Australien', 'Australien', 183, 82),
	(74, 'Henk Duut', 46, 'Rotterdam', 'Niederlande', 'Niederlande', 182, 77),
	(75, 'Anthony Franken', 45, 'Perth', 'Australien', 'Australien', 182, 77),
	(76, 'Doni', 31, 'Junidiaí', 'Brasilien', 'Brasilien', 194, 89),
	(77, 'Gomes', 29, 'João Pinheiro', 'Brasilien', 'Brasilien', 191, 82),
	(78, 'Júlio César', 31, 'Rio de Janeiro', 'Brasilien', 'Brasilien', 186, 79),
	(79, 'Dani Alves', 27, 'Juazeiro', 'Brasilien', 'Brasilien', 173, 64),
	(80, 'Juan', 31, 'Rio de Janeiro', 'Brasilien', 'Brasilien', 182, 74),
	(81, 'Lúcio', 32, 'Brasilia', 'Brasilien', 'Brasilien', 188, 81),
	(82, 'Luisão', 29, 'Amparo', 'Brasilien', 'Brasilien', 192, 81),
	(83, 'Maicon', 29, 'Nôvo Hamburgo', 'Brasilien', 'Brasilien', 184, 77),
	(84, 'Thiago Silva', 26, 'Rio de Janeiro', 'Brasilien', 'Brasilien', 183, 79),
	(85, 'Elano', 29, 'Iracemápolis', 'Brasilien', 'Brasilien', 174, 65),
	(86, 'Felipe Melo', 27, 'Volta Redonda', 'Brasilien', 'Brasilien', 183, 73),
	(87, 'Gilberto', 34, 'Rio de Janeiro', 'Brasilien', 'Brasilien', 180, 78),
	(88, 'Gilberto Silva', 34, 'Lagoa da Prata', 'Brasilien', 'Brasilien', 184, 74),
	(89, 'Josué', 31, 'Vitória de São Antão', 'Brasilien', 'Brasilien', 170, 66),
	(90, 'Júlio Baptista', 29, 'San Pedro', 'Brasilien', 'Brasilien', 183, 72),
	(91, 'Kaká', 28, 'Brasilia', 'Brasilien', 'Brasilien', 186, 78),
	(92, 'Kléberson', 31, 'Uraí', 'Brasilien', 'Brasilien', 175, 64),
	(93, 'Michel Bastos', 27, 'Pelotas', 'Brasilien', 'Brasilien', 177, 71),
	(94, 'Ramires', 23, 'Rio de Janeiro', 'Brasilien', 'Brasilien', 180, 64),
	(95, 'Grafite', 31, 'Campo Limpo Paulista', 'Brasilien', 'Brasilien', 189, 88),
	(96, 'Luis Fabiano', 30, 'Campinas', 'Brasilien', 'Brasilien', 182, 78),
	(97, 'Nilmar', 26, 'Bandeirentes', 'Brasilien', 'Brasilien', 180, 73),
	(98, 'Robinho', 26, 'São Vicente', 'Brasilien', 'Brasilien', 172, 60),
	(99, 'Dunga', 47, 'Rio Grande do Sol', 'Brasilien', 'Brasilien', 177, 75),
	(100, 'Jorginho', 46, 'Rio Grande do Sol', 'Brasilien', 'Brasilien', 175, 69),
	(101, 'Claudio Bravo', 27, 'Viluco', 'Chile', 'Chile', 185, 84),
	(102, 'Luis Marín', 27, 'Santiago de Chile', 'Chile', 'Chile', 188, 87),
	(103, 'Miguel Pinto', 27, 'Talagante', 'Chile', 'Chile', 180, 76),
	(104, 'Pablo Contreras', 32, 'Santiago de Chile', 'Chile', 'Chile', 181, 78),
	(105, 'Ismael Fuentes', 29, 'Linares', 'Chile', 'Chile', 182, 76),
	(106, 'Mauricio Isla', 22, 'Buin', 'Chile', 'Chile', 175, 72),
	(107, 'Gonzalo Jara', 25, 'Santiago de Chile', 'Chile', 'Chile', 178, 71),
	(108, 'Waldo Ponce', 28, 'Los Andes', 'Chile', 'Chile', 183, 76),
	(109, 'Arturo Vidal', 23, 'Santiago de Chile', 'Chile', 'Chile', 180, 71),
	(110, 'Jean Beausejour', 26, 'Santiago de Chile', 'Chile', 'Chile', 178, 81),
	(111, 'Carlos Carmona', 23, 'Coquimbo', 'Chile', 'Chile', 178, 68),
	(112, 'Marco Estrada', 27, 'Viña del Mar', 'Chile', 'Chile', 175, 71),
	(113, 'Mati Fernández', 24, 'Buenos Aires', 'Argentinien', 'Chile', 179, 74),
	(114, 'Mark González', 26, 'Durban', 'Südafrika', 'Chile', 175, 70),
	(115, 'Gary Medel', 23, 'Santiago de Chile', 'Chile', 'Chile', 171, 76),
	(116, 'Rodrigo Millar', 29, 'Arauco', 'Chile', 'Chile', 183, 75),
	(117, 'Rodrigo Tello', 31, 'Santiago de Chile', 'Chile', 'Chile', 170, 68),
	(118, 'Jorge Valdivia', 27, 'Maracaibo', 'Venezuela', 'Chile', 172, 71),
	(119, 'Gonzalo Fierro', 27, 'Santiago de Chile', 'Chile', 'Chile', 170, 71),
	(120, 'Fabián Orellana', 24, 'Santiago de Chile', 'Chile', 'Chile', 169, 70),
	(121, 'Esteban Paredes', 30, 'Santiago de Chile', 'Chile', 'Chile', 176, 78),
	(122, 'Alexis Sánchez', 22, 'Tocopilla', 'Chile', 'Chile', 170, 73),
	(123, 'Humberto Suazo', 29, 'San Antonio', 'Chile', 'Chile', 172, 79),
	(124, 'Marcelo Bielsa', 55, 'Rosario', 'Argentinien', 'Argentinien', 182, 77),
	(125, 'Stephan Andersen', 29, 'Kopenhagen', 'Dänemark', 'Dänemark', 188, 82),
	(126, 'Jesper Christiansen', 32, 'Roskilde', 'Dänemark', 'Dänemark', 192, 88),
	(127, 'Thomas Sørensen', 34, 'Odense', 'Dänemark', 'Dänemark', 195, 89),
	(128, 'Daniel Agger', 26, 'Hvidovre', 'Dänemark', 'Dänemark', 187, 75),
	(129, 'Lars Jacobsen', 31, 'Odense', 'Dänemark', 'Dänemark', 181, 75),
	(130, 'Simon Kjær', 21, 'Horsens', 'Dänemark', 'Dänemark', 190, 82),
	(131, 'Per Krøldrup', 31, 'Farso', 'Dänemark', 'Dänemark', 187, 82),
	(132, 'William Kvist', 25, 'Rønde', 'Dänemark', 'Dänemark', 184, 78),
	(133, 'Patrick Mtiliga', 29, 'Kopenhagen', 'Dänemark', 'Dänemark', 167, 63),
	(134, 'Simon Poulsen', 26, 'Sønderborg', 'Dänemark', 'Dänemark', 184, 76),
	(135, 'Mikkel Beckmann', 27, 'Lundtoft', 'Dänemark', 'Dänemark', 183, 78),
	(136, 'Thomas Enevoldsen', 23, 'Aalborg', 'Dänemark', 'Dänemark', 181, 74),
	(137, 'Christian Eriksen', 18, 'Middelfart', 'Dänemark', 'Dänemark', 177, 71),
	(138, 'Jesper Grønkjær', 33, 'Nuuk', 'Grönland', 'Dänemark', 187, 81),
	(139, 'Daniel Jensen', 31, 'Kopenhagen', 'Dänemark', 'Dänemark', 179, 74),
	(140, 'Martin Jørgensen', 35, 'Ørsted', 'Dänemark', 'Dänemark', 180, 75),
	(141, 'Thomas Kahlenberg', 27, 'Hvidovre', 'Dänemark', 'Dänemark', 183, 72),
	(142, 'Christian Poulsen', 30, 'Asnæs', 'Dänemark', 'Dänemark', 182, 76),
	(143, 'Jakob Poulsen', 27, 'Varde', 'Dänemark', 'Dänemark', 182, 72),
	(144, 'Nicklas Bendtner', 22, 'Kopenhagen', 'Dänemark', 'Dänemark', 191, 83),
	(145, 'Søren Larsen', 29, 'Køge', 'Dänemark', 'Dänemark', 194, 90),
	(146, 'Dennis Rommedahl', 32, 'Kopenhagen', 'Dänemark', 'Dänemark', 177, 70),
	(147, 'Jon Dahl Tomasson', 34, 'København', 'Dänemark', 'Dänemark', 180, 75),
	(148, 'Morten Olsen', 61, 'Vordingborg', 'Dänemark', 'Dänemark', 183, 77),
	(149, 'Hans Jörg Butt', 36, 'Oldenburg', 'Deutschland', 'Deutschland', 191, 91),
	(150, 'Manuel Neuer', 24, 'Gelsenkirchen', 'Deutschland', 'Deutschland', 193, 92),
	(151, 'Tim Wiese', 29, 'Bergisch-Gladbach', 'Deutschland', 'Deutschland', 193, 100),
	(152, 'Dennis Aogo', 23, 'Karlsruhe', 'Deutschland', 'Deutschland', 184, 85),
	(153, 'Holger Badstuber', 21, 'Memmingen', 'Deutschland', 'Deutschland', 190, 83),
	(154, 'Jérôme Boateng', 22, 'Berlin', 'Deutschland', 'Deutschland', 192, 90),
	(155, 'Arne Friedrich', 31, 'Bad Oeynhausen', 'Deutschland', 'Deutschland', 185, 76),
	(156, 'Marcell Jansen', 25, 'Mönchengladbach', 'Deutschland', 'Deutschland', 191, 89),
	(157, 'Philipp Lahm', 27, 'München', 'Deutschland', 'Deutschland', 170, 66),
	(158, 'Per Mertesacker', 26, 'Hannover', 'Deutschland', 'Deutschland', 198, 85),
	(159, 'Serdar Ta?ç?', 23, 'Esslingen', 'Deutschland', 'Deutschland', 186, 75),
	(160, 'Sami Khedira', 23, 'Stuttgart', 'Deutschland', 'Deutschland', 189, 85),
	(161, 'Toni Kroos', 20, 'Greifswald', 'Deutschland', 'Deutschland', 182, 78),
	(162, 'Marko Marin', 21, 'Gradiska', 'Bosnien-Herzegowina', 'Deutschland', 170, 63),
	(163, 'Mesut Özil', 22, 'Gelsenkirchen', 'Deutschland', 'Deutschland', 183, 76),
	(164, 'Bastian Schweinsteiger', 26, 'Kolbermoor', 'Deutschland', 'Deutschland', 183, 79),
	(165, 'Piotr Trochowski', 26, 'Tczew', 'Polen', 'Deutschland', 168, 73),
	(166, 'Cacau', 29, 'Santo André', 'Brasilien', 'Deutschland', 178, 74),
	(167, 'Mario Gómez', 25, 'Riedlingen', 'Deutschland', 'Deutschland', 189, 88),
	(168, 'Stefan Kießling', 26, 'Lichtenfels', 'Deutschland', 'Deutschland', 191, 80),
	(169, 'Miroslav Klose', 32, 'Opole', 'Polen', 'Deutschland', 182, 74),
	(170, 'Thomas Müller', 21, 'Weilheim', 'Deutschland', 'Deutschland', 186, 74),
	(171, 'Lukas Podolski', 25, 'Gliwice', 'Polen', 'Deutschland', 180, 80),
	(172, 'Joachim Löw', 50, 'Schönau', 'Deutschland', 'Deutschland', 182, 75),
	(173, 'Hansi Flick', 45, 'Heidelberg', 'Deutschland', 'Deutschland', 177, 76),
	(174, 'Andreas Köpke', 48, 'Kiel', 'Deutschland', 'Deutschland', 182, 82),
	(175, 'Boubacar Barry', 31, 'Marcory', 'Elfenbeinküste', 'Elfenbeinküste', 178, 70),
	(176, 'Daniel Yeboah', 26, 'Abidjan', 'Elfenbeinküste', 'Elfenbeinküste', 184, 79),
	(177, 'Aristide Zogbo', 29, 'Abidjan', 'Elfenbeinküste', 'Elfenbeinküste', 184, 79),
	(178, 'Brou Angoua', 24, 'Anyama', 'Elfenbeinküste', 'Elfenbeinküste', 178, 69),
	(179, 'Souleymane Bamba', 25, 'Ivry-sur-Seine', 'Frankreich', 'Elfenbeinküste', 190, 86),
	(180, 'Arthur Boka', 27, 'Abidjan', 'Elfenbeinküste', 'Elfenbeinküste', 166, 67),
	(181, 'Emmanuel Eboué', 27, 'Abidjan', 'Elfenbeinküste', 'Elfenbeinküste', 178, 72),
	(182, 'Steve Gohouri', 29, 'Treichville', 'Elfenbeinküste', 'Elfenbeinküste', 190, 88),
	(183, 'Kolo Touré', 29, 'Sokuora Bouake', 'Elfenbeinküste', 'Elfenbeinküste', 183, 76),
	(184, 'Guy Demel', 29, 'Orsay', 'Frankreich', 'Elfenbeinküste', 187, 83),
	(185, 'Jean-Jacques Gosso', 27, 'Abidjan', 'Elfenbeinküste', 'Elfenbeinküste', 177, 75),
	(186, 'Emmanuel Kone', 24, 'Abongoua', 'Elfenbeinküste', 'Elfenbeinküste', 177, 65),
	(187, 'Romaric', 27, 'Abidjan', 'Elfenbeinküste', 'Elfenbeinküste', 187, 88),
	(188, 'Siaka Tiéné', 28, 'Abidjan', 'Elfenbeinküste', 'Elfenbeinküste', 176, 72),
	(189, 'Cheik Tioté', 24, 'Yamoussoukro', 'Elfenbeinküste', 'Elfenbeinküste', 180, 76),
	(190, 'Yaya Touré', 27, 'Abidjan', 'Elfenbeinküste', 'Elfenbeinküste', 191, 90),
	(191, 'Didier Zokora', 30, 'Abidjan', 'Elfenbeinküste', 'Elfenbeinküste', 179, 72),
	(192, 'Aruna Dindane', 30, 'Abidjan', 'Elfenbeinküste', 'Elfenbeinküste', 174, 76),
	(193, 'Seydou Doumbia', 23, 'Yamoussoukro', 'Elfenbeinküste', 'Elfenbeinküste', 178, 74),
	(194, 'Didier Drogba', 32, 'Abidjan', 'Elfenbeinküste', 'Elfenbeinküste', 188, 84),
	(195, 'Gervinho', 23, 'Anyama', 'Elfenbeinküste', 'Elfenbeinküste', 179, 68),
	(196, 'Salomon Kalou', 25, 'Oumé', 'Elfenbeinküste', 'Elfenbeinküste', 184, 77),
	(197, 'Abdulkader Keita', 29, 'Abidjan', 'Elfenbeinküste', 'Elfenbeinküste', 183, 78),
	(198, 'Sven-Göran Eriksson', 62, 'Sunne', 'Schweden', 'Schweden', 178, 73),
	(199, 'Blaise Kouassi', 35, 'Costa Marfil', 'Elfenbeinküste', 'Elfenbeinküste', 187, 75),
	(200, 'Robert Green', 30, 'Chertsey', 'England', 'England', 188, 77),
	(201, 'Joe Hart', 23, 'Shrewsbury', 'England', 'England', 191, 80),
	(202, 'David James', 40, 'Welwyn', 'England', 'England', 194, 94),
	(203, 'Jamie Carragher', 32, 'Bootle', 'England', 'England', 185, 83),
	(204, 'Ashley Cole', 30, 'Stepney/London', 'England', 'England', 170, 67),
	(205, 'Michael Dawson', 27, 'Northallerton', 'England', 'England', 188, 76),
	(206, 'Glen Johnson', 26, 'London', 'England', 'England', 178, 70),
	(207, 'Ledley King', 30, 'London', 'England', 'England', 188, 86),
	(208, 'John Terry', 30, 'Barking', 'England', 'England', 184, 75),
	(209, 'Matthew Upson', 31, 'Suffolk', 'England', 'England', 185, 72),
	(210, 'Gareth Barry', 29, 'Hastings', 'England', 'England', 184, 78),
	(211, 'Michael Carrick', 29, 'Wallsend', 'England', 'England', 186, 74),
	(212, 'Joe Cole', 29, 'London', 'England', 'England', 173, 64),
	(213, 'Steven Gerrard', 30, 'Whiston', 'England', 'England', 188, 83),
	(214, 'Frank Lampard', 32, 'Romford', 'England', 'England', 183, 77),
	(215, 'Aaron Lennon', 23, 'Leeds', 'England', 'England', 165, 63),
	(216, 'James Milner', 24, 'Horsforth', 'England', 'England', 170, 67),
	(217, 'Stephen Warnock', 29, 'Ormskirk', 'England', 'England', 183, 77),
	(218, 'Shaun Wright-Phillips', 29, 'London', 'England', 'England', 168, 64),
	(219, 'Peter Crouch', 29, 'Macclesfield', 'England', 'England', 202, 80),
	(220, 'Jermain Defoe', 28, 'Beckton', 'England', 'England', 170, 65),
	(221, 'Emile Heskey', 32, 'Leicester', 'England', 'England', 188, 88),
	(222, 'Wayne Rooney', 25, 'Liverpool', 'England', 'England', 178, 78),
	(223, 'Fabio Capello', 64, 'San Canzian d\'Isonzo', 'Italien', 'Italien', 178, 73),
	(224, 'Cédric Carrasso', 29, 'Avignon', 'Frankreich', 'Frankreich', 192, 87),
	(225, 'Hugo Lloris', 24, 'Nice', 'Frankreich', 'Frankreich', 186, 73),
	(226, 'Stéve Mandanda', 25, 'Kinshasa', 'DR Kongo', 'Frankreich', 185, 82),
	(227, 'Éric Abidal', 31, 'Lyon', 'Frankreich', 'Frankreich', 186, 75),
	(228, 'Gaël Clichy', 25, 'Toulouse', 'Frankreich', 'Frankreich', 176, 72),
	(229, 'Patrice Evra', 29, 'Dakar', 'Senegal', 'Frankreich', 175, 76),
	(230, 'William Gallas', 33, 'Asnières-sur-Seine', 'Frankreich', 'Frankreich', 181, 72),
	(231, 'Marc Planus', 28, 'Bordeaux', 'Frankreich', 'Frankreich', 183, 76),
	(232, 'Anthony Réveillère', 31, 'Doué-la-Fontaine', 'Frankreich', 'Frankreich', 180, 77),
	(233, 'Bacary Sagna', 27, 'Sens', 'Frankreich', 'Frankreich', 176, 72),
	(234, 'Sébastien Squillaci', 30, 'Toulon', 'Frankreich', 'Frankreich', 183, 76),
	(235, 'Abou Diaby', 24, 'Paris', 'Frankreich', 'Frankreich', 188, 75),
	(236, 'Alou Diarra', 29, 'Villepinte', 'Frankreich', 'Frankreich', 190, 79),
	(237, 'Yoann Gourcuff', 24, 'Ploemeur', 'Frankreich', 'Frankreich', 185, 79),
	(238, 'Florent Malouda', 30, 'Cayenne', 'Franz. Guyana', 'Frankreich', 181, 73),
	(239, 'Franck Ribéry', 27, 'Boulogne-sur-Mer', 'Frankreich', 'Frankreich', 170, 72),
	(240, 'Jérémy Toulalan', 27, 'Nantes', 'Frankreich', 'Frankreich', 183, 77),
	(241, 'Matthieu Valbuena', 26, 'Bruges', 'Frankreich', 'Frankreich', 167, 58),
	(242, 'Nicolas Anelka', 31, 'Versailles', 'Frankreich', 'Frankreich', 183, 77),
	(243, 'Djibril Cissé', 29, 'Arles', 'Frankreich', 'Frankreich', 183, 78),
	(244, 'André-Pierre Gignac', 25, 'Martigues', 'Frankreich', 'Frankreich', 186, 84),
	(245, 'Sidney Govou', 31, 'Le Puy-en-Velay', 'Frankreich', 'Frankreich', 175, 72),
	(246, 'Thierry Henry', 33, 'Les Ulis', 'Frankreich', 'Frankreich', 188, 83),
	(247, 'Raymond Domenech', 58, 'Lyon', 'Frankreich', 'Frankreich', 176, 72),
	(248, 'Daniel Agyei', 21, 'Dansoman', 'Ghana', 'Ghana', 186, 80),
	(249, 'Stephen Ahorlu', 21, 'Kpandu', 'Ghana', 'Ghana', 184, 79),
	(250, 'Richard Kingson', 32, 'Accra', 'Ghana', 'Ghana', 191, 87),
	(251, 'Lee Addy', 20, 'Accra', 'Ghana', 'Ghana', 178, 72),
	(252, 'Samuel Inkoom', 21, 'Sekondi-Takoradi', 'Ghana', 'Ghana', 179, 75),
	(253, 'John Mensah', 28, 'Obuasi', 'Ghana', 'Ghana', 179, 81),
	(254, 'Jonathan Mensah', 20, 'Accra', 'Ghana', 'Ghana', 188, 83),
	(255, 'John Paintsil', 29, 'Berekum', 'Ghana', 'Ghana', 178, 68),
	(256, 'Hans Sarpei', 34, 'Tema', 'Ghana', 'Ghana', 178, 68),
	(257, 'Isaac Vorsah', 22, 'Accra', 'Ghana', 'Ghana', 192, 85),
	(258, 'Anthony Annan', 24, 'Accra', 'Ghana', 'Ghana', 175, 64),
	(259, 'Stephen Appiah', 30, 'Achimota', 'Ghana', 'Ghana', 178, 77),
	(260, 'Kwadwo Asamoah', 22, 'Accra', 'Ghana', 'Ghana', 178, 78),
	(261, 'Rahim Ayew', 22, 'Tamale', 'Ghana', 'Ghana', 169, 78),
	(262, 'Derek Boateng', 27, 'Accra', 'Ghana', 'Ghana', 185, 78),
	(263, 'Kevin-Prince Boateng', 23, 'Berlin', 'Deutschland', 'Ghana', 185, 86),
	(264, 'Sulley Ali Muntari', 26, 'Konongo', 'Ghana', 'Ghana', 179, 76),
	(265, 'Dominic Adiyiah', 21, 'Accra', 'Ghana', 'Ghana', 172, 70),
	(266, 'Matthew Amoah', 30, 'Tema', 'Ghana', 'Ghana', 177, 71),
	(267, 'André Ayew', 21, 'Séclin', 'Frankreich', 'Ghana', 176, 72),
	(268, 'Asamoah Gyan', 25, 'Accra', 'Ghana', 'Ghana', 186, 77),
	(269, 'Quincy Owusu-Abeyie', 24, 'Amsterdam', 'Niederlande', 'Ghana', 180, 74),
	(270, 'Prince Tagoe', 24, 'Accra', 'Ghana', 'Ghana', 188, 83),
	(271, 'Milovan Rajevac', 56, 'Cajetina', 'Serbien', 'Serbien', 182, 77),
	(272, 'Konstantinos Chalkias', 36, 'Larisa', 'Griechenland', 'Griechenland', 199, 97),
	(273, 'Alexandros Tzorvas', 28, 'Athen', 'Griechenland', 'Griechenland', 190, 79),
	(274, 'Sotirios Kyrgiakos', 31, 'Trikala', 'Griechenland', 'Griechenland', 193, 88),
	(275, 'Stelios Malezas', 25, 'Katerini', 'Griechenland', 'Griechenland', 192, 80),
	(276, 'Vangelis Moras', 29, 'Larissa', 'Griechenland', 'Griechenland', 193, 78),
	(277, 'Sokratis Papastathopoulos', 22, 'Kalamata', 'Griechenland', 'Griechenland', 185, 82),
	(278, 'Christos Patsatzoglou', 31, 'Athina', 'Griechenland', 'Griechenland', 182, 73),
	(279, 'Georgios Seitaridis', 29, 'Piräus', 'Griechenland', 'Griechenland', 185, 79),
	(280, 'Nikos Spyropoulos', 27, 'Athen', 'Griechenland', 'Griechenland', 171, 66),
	(281, 'Vasilios Torosidis', 25, 'Xanthi', 'Griechenland', 'Griechenland', 185, 80),
	(282, 'Loukas Vyntra', 29, 'M?sto Albrechtice', 'Tschechien', 'Griechenland', 184, 76),
	(283, 'Giorgios Karagounis', 33, 'Pyrgos', 'Griechenland', 'Griechenland', 176, 83),
	(284, 'Kostas Katsouranis', 31, 'Patras', 'Griechenland', 'Griechenland', 183, 83),
	(285, 'Sotiris Ninis', 20, 'Himara', 'Albanien', 'Griechenland', 173, 68),
	(286, 'Avraam Papadopoulos', 26, 'Melbourne', 'Griechenland', 'Griechenland', 186, 79),
	(287, 'Athanasios Prittas', 31, 'Thessaloniki', 'Griechenland', 'Griechenland', 182, 78),
	(288, 'Alexandros Tziolis', 25, 'Katerini', 'Griechenland', 'Griechenland', 189, 84),
	(289, 'Angelos Charisteas', 30, 'Serres', 'Griechenland', 'Griechenland', 190, 82),
	(290, 'Theofanis Gekas', 30, 'Larisa', 'Griechenland', 'Griechenland', 179, 76),
	(291, 'Pantelis Kapetanos', 27, 'Ptolemaida', 'Griechenland', 'Griechenland', 190, 82),
	(292, 'Dimitrios Salpingidis', 29, 'Thessaloniki', 'Griechenland', 'Griechenland', 172, 77),
	(293, 'Georgios Samaras', 25, 'Heraklion', 'Griechenland', 'Griechenland', 193, 82),
	(294, 'Otto Rehhagel', 72, 'Essen', 'Deutschland', 'Deutschland', 177, 79),
	(295, 'Ricardo Canales', 28, 'La Ceiba', 'Honduras', 'Honduras', 181, 76),
	(296, 'Donis Escober', 29, 'San Ignacio', 'Honduras', 'Honduras', 180, 76),
	(297, 'Noel Valladares', 33, 'Comayagua', 'Honduras', 'Honduras', 190, 74),
	(298, 'Victor Bernárdez', 28, 'La Ceiba', 'Honduras', 'Honduras', 184, 79),
	(299, 'Osman Chávez', 26, 'Santa Fé', 'Honduras', 'Honduras', 188, 83),
	(300, 'Maynor Figueroa', 27, 'Jutiapa', 'Honduras', 'Honduras', 180, 85),
	(301, 'Oscar García', 26, 'Tegucigalpa', 'Honduras', 'Honduras', 175, 69),
	(302, 'Emilio Izaguirre', 24, 'Tegucigalpa', 'Honduras', 'Honduras', 177, 77),
	(303, 'Sergio Mendoza', 29, 'El Progresso', 'Honduras', 'Honduras', 177, 81),
	(304, 'Johnny Palacios', 24, 'La Ceiba', 'Honduras', 'Honduras', 182, 82),
	(305, 'Mauricio Sabillón', 32, 'Quimistán', 'Honduras', 'Honduras', 180, 72),
	(306, 'Edgar Álvarez', 30, 'Puerto Cortes', 'Honduras', 'Honduras', 171, 72),
	(307, 'Amado Guevara', 34, 'Tegucigalpa', 'Honduras', 'Honduras', 177, 78),
	(308, 'Ramón Nuñez', 25, 'Tegucigalpa', 'Honduras', 'Honduras', 170, 71),
	(309, 'Wilson Palacios', 26, 'La Ceiba', 'Honduras', 'Honduras', 178, 71),
	(310, 'Hendry Thomas', 25, 'La Ceiba', 'Honduras', 'Honduras', 180, 75),
	(311, 'Danilo Turcios', 32, 'Sonaguera', 'Honduras', 'Honduras', 164, 59),
	(312, 'Roger Espinoza', 24, 'Puerto Cortés', 'Honduras', 'Honduras', 181, 76),
	(313, 'Walter Martinez', 28, 'Tegucigalpa', 'Honduras', 'Honduras', 168, 66),
	(314, 'Jerry Palacios', 28, 'La Ceiba', 'Honduras', 'Honduras', 180, 84),
	(315, 'Carlos Pavón', 37, 'Tegucigalpa', 'Honduras', 'Honduras', 177, 85),
	(316, 'David Suazo', 31, 'Tegucigalpa', 'Honduras', 'Honduras', 182, 75),
	(317, 'Georgie Welcome', 25, 'Roatan', 'Honduras', 'Honduras', 193, 81),
	(318, 'Reinaldo Rueda', 53, 'Cali', 'Kolumbien', 'Kolumbien', 178, 73),
	(319, 'Gianluigi Buffon', 32, 'Carrara', 'Italien', 'Italien', 188, 83),
	(320, 'Morgan De Sanctis', 33, 'Guardiagrele', 'Italien', 'Italien', 190, 86),
	(321, 'Federico Marchetti', 27, 'Bassano del Grappa', 'Italien', 'Italien', 186, 76),
	(322, 'Salvatore Bocchetti', 24, 'Ascoli Piceno', 'Italien', 'Italien', 178, 70),
	(323, 'Leonardo Bonucci', 23, 'Viterbo', 'Italien', 'Italien', 190, 82),
	(324, 'Fabio Cannavaro', 37, 'Napoli', 'Italien', 'Italien', 176, 75),
	(325, 'Giorgio Chiellini', 26, 'Pisa', 'Italien', 'Italien', 186, 76),
	(326, 'Domenico Criscito', 24, 'Cercola', 'Italien', 'Italien', 183, 70),
	(327, 'Christian Maggio', 28, 'Montecchio Maggiore', 'Italien', 'Italien', 184, 79),
	(328, 'Gianluca Zambrotta', 33, 'Como', 'Italien', 'Italien', 181, 76),
	(329, 'Mauro Camoranesi', 34, 'Tandil', 'Argentinien', 'Italien', 177, 70),
	(330, 'Daniele De Rossi', 27, 'Roma', 'Italien', 'Italien', 185, 83),
	(331, 'Gennaro Gattuso', 32, 'Corigliano Schiavonea', 'Italien', 'Italien', 177, 77),
	(332, 'Claudio Marchisio', 24, 'Torino', 'Italien', 'Italien', 180, 70),
	(333, 'Riccardo Montolivo', 25, 'Caravaggio', 'Italien', 'Italien', 181, 65),
	(334, 'Angelo Palombo', 29, 'Ferentino', 'Italien', 'Italien', 177, 77),
	(335, 'Simone Pepe', 27, 'Albano Laziale', 'Italien', 'Italien', 178, 73),
	(336, 'Andrea Pirlo', 31, 'Brescia', 'Italien', 'Italien', 177, 68),
	(337, 'Antonio Di Natale', 33, 'Napoli', 'Italien', 'Italien', 170, 65),
	(338, 'Alberto Gilardino', 28, 'Biella', 'Italien', 'Italien', 184, 76),
	(339, 'Vincenzo Iaquinta', 31, 'Crotone', 'Italien', 'Italien', 187, 77),
	(340, 'Giampaolo Pazzini', 26, 'Pescia', 'Italien', 'Italien', 180, 74),
	(341, 'Fabio Quagliarella', 27, 'Castellamara di Stabia', 'Italien', 'Italien', 182, 73),
	(342, 'Marcello Lippi', 62, 'Viareggio', 'Italien', 'Italien', 183, 78),
	(343, 'Yoshikatsu Kawaguchi', 35, 'Shizuoka', 'Japan', 'Japan', 179, 75),
	(344, 'Eiji Kawashima', 27, 'Saitama', 'Japan', 'Japan', 185, 74),
	(345, 'Seigo Narazaki', 34, 'Nara', 'Japan', 'Japan', 185, 76),
	(346, 'Daiki Iwamasa', 28, 'Yamaguchi', 'Japan', 'Japan', 186, 82),
	(347, 'Yuichi Komano', 29, 'Wakayama', 'Japan', 'Japan', 171, 71),
	(348, 'Yuto Nagatomo', 24, 'Ehime', 'Japan', 'Japan', 170, 65),
	(349, 'Yuji Nakazawa', 32, 'Saitama', 'Japan', 'Japan', 187, 78),
	(350, 'Marcus Tulio Tanaka', 29, 'Sao Paulo', 'Brasilien', 'Japan', 185, 82),
	(351, 'Atsuto Uchida', 22, 'Kannami', 'Japan', 'Japan', 176, 62),
	(352, 'Yuki Abe', 29, 'Chiba', 'Japan', 'Japan', 175, 68),
	(353, 'Yasuhito End?', 30, 'Kagoshima', 'Japan', 'Japan', 177, 70),
	(354, 'Makoto Hasebe', 26, 'Shizuoka', 'Japan', 'Japan', 180, 72),
	(355, 'Keisuke Honda', 24, 'Osaka', 'Japan', 'Japan', 181, 74),
	(356, 'Junichi Inamoto', 31, 'Osaka', 'Japan', 'Japan', 181, 75),
	(357, 'Yasuyuki Konno', 27, 'Sendai', 'Japan', 'Japan', 178, 69),
	(358, 'Daisuke Matsui', 29, 'Kyoto', 'Japan', 'Japan', 170, 58),
	(359, 'Kengo Nakamura', 30, 'Tokyo', 'Japan', 'Japan', 175, 66),
	(360, 'Shunsuke Nakamura', 32, 'Kanagawa', 'Japan', 'Japan', 178, 69),
	(361, 'Takayuki Morimoto', 22, 'Kawasaki', 'Japan', 'Japan', 183, 70),
	(362, 'Shinji Okazaki', 24, 'Hyogo', 'Japan', 'Japan', 173, 70),
	(363, 'Yoshito Okubo', 28, 'Fukuoka', 'Japan', 'Japan', 168, 61),
	(364, 'Keiji Tamada', 30, 'Chiba', 'Japan', 'Japan', 173, 67),
	(365, 'Kisho Yano', 26, 'Shizuoka', 'Japan', 'Japan', 185, 74),
	(366, 'Takeshi Okada', 54, 'Osaka, Osaka', 'Japan', 'Japan', 175, 70),
	(367, 'Souleymanou Hamidou', 37, 'Mokolo', 'Kamerun', 'Kamerun', 182, 77),
	(368, 'Carlos Kameni', 26, 'Douala', 'Kamerun', 'Kamerun', 184, 78),
	(369, 'Guy N\'Dy Assembe', 24, 'Yaounde', 'Kamerun', 'Kamerun', 184, 79),
	(370, 'Benoît Assou-Ekotto', 26, 'Arras', 'Frankreich', 'Kamerun', 180, 69),
	(371, 'Sébastien Bassong', 24, 'Paris', 'Frankreich', 'Kamerun', 187, 84),
	(372, 'Gaëtan Bong', 22, 'Sakbayenne', 'Kamerun', 'Kamerun', 183, 74),
	(373, 'Joel Matip', 19, 'Bochum', 'Deutschland', 'Kamerun', 193, 89),
	(374, 'Nicolas N\'Koulou', 20, 'Yaoundé', 'Kamerun', 'Kamerun', 180, 77),
	(375, 'Rigobert Song', 34, 'Nkanglicock', 'Kamerun', 'Kamerun', 177, 75),
	(376, 'Aurelien Chedjou', 25, 'Douala', 'Kamerun', 'Kamerun', 184, 75),
	(377, 'Achille Emana', 28, 'Yaoundé', 'Kamerun', 'Kamerun', 180, 77),
	(378, 'Eyong Enoh', 24, 'Kumba', 'Kamerun', 'Kamerun', 174, 70),
	(379, 'Geremi', 32, 'Bafoussam', 'Kamerun', 'Kamerun', 180, 78),
	(380, 'Jean Makoun', 27, 'Yaoundé', 'Kamerun', 'Kamerun', 172, 65),
	(381, 'Georges Mandjeck', 22, 'Douala', 'Kamerun', 'Kamerun', 183, 72),
	(382, 'Stéphane Mbia', 24, 'Yaoundé', 'Kamerun', 'Kamerun', 189, 82),
	(383, 'Landry N\'Guémo', 25, 'Yaounde', 'Kamerun', 'Kamerun', 173, 70),
	(384, 'Alex Song', 23, 'Douala', 'Kamerun', 'Kamerun', 182, 74),
	(385, 'Vincent Aboubakar', 18, 'Yaoundé', 'Kamerun', 'Kamerun', 176, 78),
	(386, 'Maxim Choupo-Moting', 21, 'Hamburg', 'Deutschland', 'Kamerun', 190, 84),
	(387, 'Samuel Eto\'o', 29, 'N\'kon', 'Kamerun', 'Kamerun', 180, 75),
	(388, 'Mohamadou Idrissou', 30, 'Yaounde', 'Kamerun', 'Kamerun', 191, 82),
	(389, 'Pierre Webó', 28, 'Baffousam', 'Kamerun', 'Kamerun', 180, 78),
	(390, 'Paul Le Guen', 46, 'Pencran', 'Frankreich', 'Frankreich', 186, 79),
	(391, 'Luis Michel', 31, 'Guadalajara', 'Mexiko', 'Mexiko', 183, 75),
	(392, 'Guillermo Ochoa', 25, 'Guadalajara', 'Mexiko', 'Mexiko', 183, 73),
	(393, 'Oscar Pérez', 37, 'México', 'Mexiko', 'Mexiko', 172, 73),
	(394, 'Paul Aguilar', 24, 'Concordia', 'Mexiko', 'Mexiko', 177, 65),
	(395, 'Jonny Magallón', 29, 'Ocotlán', 'Mexiko', 'Mexiko', 178, 74),
	(396, 'Rafael Márquez', 31, 'Zamora', 'Mexiko', 'Mexiko', 182, 74),
	(397, 'Maza', 29, 'Mazatlán', 'Mexiko', 'Mexiko', 191, 79),
	(398, 'Héctor Moreno', 22, 'Culiacán', 'Mexiko', 'Mexiko', 184, 80),
	(399, 'Ricardo Osorio', 30, 'Huajuapam De Leon', 'Mexiko', 'Mexiko', 173, 68),
	(400, 'Carlos Salcido', 30, 'Ocotlán', 'Mexiko', 'Mexiko', 175, 72),
	(401, 'Jorge Torres Nilo', 22, 'Tijuana', 'Mexiko', 'Mexiko', 180, 75),
	(402, 'Israel Castro', 30, 'Ciudad de México', 'Mexiko', 'Mexiko', 176, 67),
	(403, 'Andrés Guardado', 24, 'Guadalajara', 'Mexiko', 'Mexiko', 169, 67),
	(404, 'Efraín Juárez', 22, 'México', 'Mexiko', 'Mexiko', 178, 65),
	(405, 'Alberto Medina', 27, 'Culiacán', 'Mexiko', 'Mexiko', 172, 63),
	(406, 'Gerardo Torrado', 31, 'México', 'Mexiko', 'Mexiko', 173, 73),
	(407, 'Pablo Barrera', 23, 'Tlalnepantla', 'Mexiko', 'Mexiko', 175, 65),
	(408, 'Adolfo Bautista', 31, 'Dolores Hidalgo', 'Mexiko', 'Mexiko', 185, 76),
	(409, 'Cuauhtémoc Blanco', 37, 'México City', 'Mexiko', 'Mexiko', 177, 70),
	(410, 'Giovani Dos Santos', 21, 'Monterrey', 'Mexiko', 'Mexiko', 175, 74),
	(411, 'Guillermo Franco', 34, 'Corrientes', 'Argentinien', 'Mexiko', 182, 77),
	(412, 'Javier Hernández', 22, 'Guadalajara', 'Mexiko', 'Mexiko', 173, 62),
	(413, 'Carlos Vela', 21, 'Cancun', 'Mexiko', 'Mexiko', 177, 75),
	(414, 'Javier Aguirre', 52, 'Mexico City', 'Mexiko', 'Mexiko', 176, 73),
	(415, 'James Bannatyne', 35, 'Lower Hutt', 'Neuseeland', 'Neuseeland', 195, 95),
	(416, 'Glen Moss', 27, 'Hastings', 'Neuseeland', 'Neuseeland', 187, 90),
	(417, 'Mark Paston', 34, 'Hastings', 'Neuseeland', 'Neuseeland', 194, 90),
	(418, 'Andrew Boyens', 27, 'Napier', 'Neuseeland', 'Neuseeland', 193, 90),
	(419, 'Tony Lochhead', 28, 'Tauranga', 'Neuseeland', 'Neuseeland', 183, 75),
	(420, 'David Mulligan', 28, 'Fazakerley', 'England', 'Neuseeland', 173, 70),
	(421, 'Ryan Nelsen', 33, 'Christchurch', 'Neuseeland', 'Neuseeland', 188, 84),
	(422, 'Winston Reid', 22, 'Auckland', 'Neuseeland', 'Neuseeland', 190, 87),
	(423, 'Ben Sigmund', 29, 'Blenheim', 'Neuseeland', 'Neuseeland', 180, 84),
	(424, 'Tommy Smith', 20, 'Macclesfield', 'England', 'Neuseeland', 188, 77),
	(425, 'Andy Barron', 30, 'Invercargil', 'Neuseeland', 'Neuseeland', 177, 70),
	(426, 'Leo Bertos', 29, 'Wellington', 'Neuseeland', 'Neuseeland', 177, 76),
	(427, 'Jeremy Brockie', 23, 'Nelson', 'Neuseeland', 'Neuseeland', 183, 80),
	(428, 'Tim Brown', 29, 'Ascot', 'England', 'Neuseeland', 185, 77),
	(429, 'Jeremy Christie', 27, 'Whangarei', 'Neuseeland', 'Neuseeland', 178, 69),
	(430, 'Aaron Clapham', 23, 'Christchurch', 'Neuseeland', 'Neuseeland', 181, 68),
	(431, 'Simon Elliott', 36, 'Wellington', 'Neuseeland', 'Neuseeland', 180, 80),
	(432, 'Michael McGlinchey', 23, 'Wellington', 'Neuseeland', 'Neuseeland', 173, 60),
	(433, 'Ivan Vicelich', 34, 'Auckland', 'Neuseeland', 'Neuseeland', 193, 84),
	(434, 'Rory Fallon', 28, 'Gisborne', 'Neuseeland', 'Neuseeland', 188, 74),
	(435, 'Chris Killen', 29, 'Wellington', 'Neuseeland', 'Neuseeland', 183, 81),
	(436, 'Shane Smeltz', 29, 'Göppingen', 'Deutschland', 'Neuseeland', 185, 80),
	(437, 'Chris Wood', 19, 'Auckland', 'Neuseeland', 'Neuseeland', 191, 94),
	(438, 'Ricki Herbert', 49, 'Auckland', 'Neuseeland', 'Neuseeland', 182, 80),
	(439, 'Raul Blanco', 69, 'Buenos Aires', 'Argentinien', 'Argentinien', 180, 79),
	(440, 'Sander Boschker', 40, 'Lichtenvoorde', 'Niederlande', 'Niederlande', 184, 84),
	(441, 'Maarten Stekelenburg', 28, 'Haarlem', 'Niederlande', 'Niederlande', 194, 84),
	(442, 'Michel Vorm', 27, 'Nieuwegein', 'Niederlande', 'Niederlande', 183, 84),
	(443, 'Khalid Boulahrouz', 29, 'Maassluis', 'Niederlande', 'Niederlande', 176, 73),
	(444, 'Edson Braafheid', 27, 'Paramaribo', 'Suriname', 'Niederlande', 176, 71),
	(445, 'Johnny Heitinga', 27, 'Alphen aan den Rijn', 'Niederlande', 'Niederlande', 180, 72),
	(446, 'Joris Mathijsen', 30, 'Goirle', 'Niederlande', 'Niederlande', 182, 72),
	(447, 'André Ooijer', 36, 'Amsterdam', 'Niederlande', 'Niederlande', 184, 76),
	(448, 'Gregory van der Wiel', 22, 'Amsterdam', 'Niederlande', 'Niederlande', 172, 69),
	(449, 'Ibrahim Afellay', 24, 'Utrecht', 'Niederlande', 'Niederlande', 180, 76),
	(450, 'Nigel de Jong', 26, 'Amsterdam', 'Niederlande', 'Niederlande', 174, 72),
	(451, 'Demy de Zeeuw', 27, 'Apeldoorn', 'Niederlande', 'Niederlande', 174, 71),
	(452, 'Stijn Schaars', 26, 'Gendt', 'Niederlande', 'Niederlande', 177, 75),
	(453, 'Wesley Sneijder', 26, 'Utrecht', 'Niederlande', 'Niederlande', 170, 67),
	(454, 'Mark van Bommel', 33, 'Maasbracht', 'Niederlande', 'Niederlande', 187, 84),
	(455, 'Giovanni van Bronckhorst', 35, 'Rotterdam', 'Niederlande', 'Niederlande', 178, 73),
	(456, 'Rafael van der Vaart', 27, 'Heemskerk', 'Niederlande', 'Niederlande', 176, 74),
	(457, 'Ryan Babel', 24, 'Amsterdam', 'Niederlande', 'Niederlande', 185, 78),
	(458, 'Eljero Elia', 23, 'Voorburg', 'Niederlande', 'Niederlande', 176, 77),
	(459, 'Klaas-Jan Huntelaar', 27, 'Drempt', 'Niederlande', 'Niederlande', 186, 78),
	(460, 'Dirk Kuyt', 30, 'Katwijk', 'Niederlande', 'Niederlande', 184, 77),
	(461, 'Arjen Robben', 26, 'Bedum', 'Niederlande', 'Niederlande', 180, 80),
	(462, 'Robin van Persie', 27, 'Rotterdam', 'Niederlande', 'Niederlande', 183, 71),
	(463, 'Bert van Marwijk', 58, 'Deventer', 'Niederlande', 'Niederlande', 181, 80),
	(464, 'Phillip Cocu', 40, 'Eindhoven', 'Niederlande', 'Niederlande', 182, 74),
	(465, 'Frank de Boer', 40, 'Hoorn', 'Niederlande', 'Niederlande', 179, 75),
	(466, 'Dick Voorn', 62, 'Uithoorn', 'Niederlande', 'Niederlande', 178, 79),
	(467, 'Ruud Hesp', 45, 'Bussum', 'Niederlande', 'Niederlande', 194, 94),
	(468, 'Dele Aiyenugba', 27, 'Jos', 'Nigeria', 'Nigeria', 180, 75),
	(469, 'Austin Ejide', 26, 'Onitsha', 'Nigeria', 'Nigeria', 190, 90),
	(470, 'Vincent Enyeama', 28, 'Kabunia', 'Nigeria', 'Nigeria', 182, 87),
	(471, 'Dele Adeleye', 22, 'Lagos', 'Nigeria', 'Nigeria', 186, 76),
	(472, 'Rabiu Afolabi', 30, 'Osobo', 'Nigeria', 'Nigeria', 183, 75),
	(473, 'Elderson', 22, 'Benin City', 'Nigeria', 'Nigeria', 184, 76),
	(474, 'Chidi Odiah', 27, 'Port Harcourt', 'Nigeria', 'Nigeria', 179, 75),
	(475, 'Danny Shittu', 30, 'Lagos', 'Nigeria', 'Nigeria', 191, 95),
	(476, 'Taye Taiwo', 25, 'Lagos', 'Nigeria', 'Nigeria', 183, 77),
	(477, 'Joseph Yobo', 30, 'Kano', 'Nigeria', 'Nigeria', 182, 76),
	(478, 'Dickson Etuhu', 28, 'Kano', 'Nigeria', 'Nigeria', 188, 83),
	(479, 'Lukman Haruna', 20, 'Lagos', 'Nigeria', 'Nigeria', 180, 77),
	(480, 'Sani Kaita', 24, 'Kano', 'Nigeria', 'Nigeria', 179, 74),
	(481, 'Kalu Uche', 28, 'Aba', 'Nigeria', 'Nigeria', 178, 70),
	(482, 'Ayila Yussuf', 26, 'Lagos', 'Nigeria', 'Nigeria', 182, 73),
	(483, 'Yakubu Ayegbeni', 28, 'Benin City', 'Nigeria', 'Nigeria', 184, 78),
	(484, 'Brown Ideye', 22, 'Yenagoa', 'Nigeria', 'Nigeria', 180, 70),
	(485, 'Nwankwo Kanu', 34, 'Owerri', 'Nigeria', 'Nigeria', 197, 80),
	(486, 'Obafemi Martins', 26, 'Lagos', 'Nigeria', 'Nigeria', 176, 67),
	(487, 'Chinedu Obasi', 24, 'Enugu', 'Nigeria', 'Nigeria', 188, 79),
	(488, 'Victor Obinna', 23, 'Jos', 'Nigeria', 'Nigeria', 182, 80),
	(489, 'Peter Odemwingie', 29, 'Tashkent', 'Usbekistan', 'Nigeria', 182, 75),
	(490, 'John Utaka', 28, 'Legugnu', 'Nigeria', 'Nigeria', 179, 82),
	(491, 'Lars Lagerbäck', 62, 'Katrineholm', 'Schweden', 'Schweden', 182, 77),
	(492, 'Myong-Gil Kim', 26, 'Pyongyang', 'Nordkorea', 'Nordkorea', 180, 75),
	(493, 'Myong-Won Kim', 27, 'Pyongyang', 'Nordkorea', 'Nordkorea', 180, 75),
	(494, 'Myong-Guk Ri', 24, 'Pyongyang', 'Nordkorea', 'Nordkorea', 188, 83),
	(495, 'Jong-Hyok Cha', 25, 'Pyongyang', 'Nordkorea', 'Nordkorea', 178, 76),
	(496, 'Yun-Nam Ji', 34, 'Pyongyang', 'Nordkorea', 'Nordkorea', 176, 71),
	(497, 'Yong-Jun Kim', 27, 'Pyongyang', 'Nordkorea', 'Nordkorea', 178, 73),
	(498, 'Song-Chol Nam', 28, 'Pyongyang', 'Nordkorea', 'Nordkorea', 179, 74),
	(499, 'Chol-Jin Pak', 25, 'Pyongyang', 'Nordkorea', 'Nordkorea', 185, 80),
	(500, 'Nam-Chol Pak', 22, 'Pyongyang', 'Nordkorea', 'Nordkorea', 182, 75),
	(501, 'Jun-Il Ri', 23, 'Kaesong', 'Nordkorea', 'Nordkorea', 178, 73),
	(502, 'Kwang-Chon Ri', 25, 'Pyongyang', 'Nordkorea', 'Nordkorea', 183, 78),
	(503, 'Kwang-Hyok Ri', 23, 'Pyöngyang', 'Nordkorea', 'Nordkorea', 178, 70),
	(504, 'Young-Hak An', 32, 'Kurashiki', 'Japan', 'Nordkorea', 182, 77),
	(505, 'Kyong-Il Kim', 22, 'Pjongyang', 'Nordkorea', 'Nordkorea', 173, 64),
	(506, 'In-Guk Mun', 32, 'Namp\'o', 'Nordkorea', 'Nordkorea', 168, 63),
	(507, 'Nam-Chol Pak', 25, 'Pyongyang', 'Nordkorea', 'Nordkorea', 173, 68),
	(508, 'Chol-Myong Ri', 22, 'Pyongyang', 'Nordkorea', 'Nordkorea', 175, 64),
	(509, 'Chol-Hyok An', 25, 'Kanngye', 'Nordkorea', 'Nordkorea', 178, 73),
	(510, 'Kum-Chol Choe', 23, 'Pyongyang', 'Nordkorea', 'Nordkorea', 178, 73),
	(511, 'Yong-Jo Hong', 28, 'Pyongyang', 'Nordkorea', 'Nordkorea', 175, 70),
	(512, 'Tae-Se Jong', 26, 'Nagoya', 'Japan', 'Nordkorea', 180, 79),
	(513, 'Kum-Il Kim', 23, 'Pyongyang', 'Nordkorea', 'Nordkorea', 171, 65),
	(514, 'Sung-Hyok Pak', 20, 'Pyongyang', 'Nordkorea', 'Nordkorea', 175, 70),
	(515, 'Jong-Hun Kim', 54, 'Pyongyang', 'Nordkorea', 'Nordkorea', 182, 77),
	(516, 'Tong-Sop Jo', 51, 'Pyongyang', 'Nordkorea', 'Nordkorea', 182, 77),
	(517, 'Diego Barreto', 29, 'Lambaré', 'Paraguay', 'Paraguay', 183, 82),
	(518, 'Aldo Bobadilla', 34, 'Pedro Juan Caballero', 'Paraguay', 'Paraguay', 192, 88),
	(519, 'Justo Villar', 33, 'Cerrito', 'Paraguay', 'Paraguay', 180, 79),
	(520, 'Antolín Alcaraz', 28, 'San Roque Gonzalez', 'Paraguay', 'Paraguay', 184, 78),
	(521, 'Julio César Cáceres', 31, 'San José de Los Arroyos', 'Paraguay', 'Paraguay', 181, 80),
	(522, 'Denis Caniza', 36, 'Bella Vista', 'Paraguay', 'Paraguay', 177, 73),
	(523, 'Paulo da Silva', 30, 'Asunción', 'Paraguay', 'Paraguay', 181, 87),
	(524, 'Claudio Morel', 32, 'Asunción', 'Paraguay', 'Paraguay', 175, 76),
	(525, 'Darío Verón', 31, 'San Ignacio', 'Paraguay', 'Paraguay', 181, 80),
	(526, 'Edgar Barreto', 26, 'Asuncíon', 'Paraguay', 'Paraguay', 178, 78),
	(527, 'Carlos Bonet', 33, 'Asunción', 'Paraguay', 'Paraguay', 175, 77),
	(528, 'Víctor Cáceres', 25, 'Asunción', 'Paraguay', 'Paraguay', 182, 77),
	(529, 'Néstor Ortigoza', 26, 'San Antonio de Padua', 'Argentinien', 'Argentinien', 180, 80),
	(530, 'Cristian Riveros', 28, 'Juan Augusto Saldívar', 'Paraguay', 'Paraguay', 179, 76),
	(531, 'Jonathan Santana', 29, 'Buenos Aires', 'Argentinien', 'Paraguay', 181, 80),
	(532, 'Aureliano Torres', 28, 'Luque', 'Paraguay', 'Paraguay', 178, 68),
	(533, 'Enrique Vera', 31, 'Asunción', 'Paraguay', 'Paraguay', 176, 70),
	(534, 'Lucas Barrios', 26, 'San Fernando', 'Argentinien', 'Paraguay', 187, 82),
	(535, 'Edgar Benítez', 23, 'Repatriación', 'Paraguay', 'Paraguay', 177, 72),
	(536, 'Óscar Cardozo', 27, 'Juan Eulogio Estigarribia', 'Paraguay', 'Paraguay', 193, 87),
	(537, 'Rodolfo Gamarra', 22, 'Asunción', 'Paraguay', 'Paraguay', 168, 66),
	(538, 'Roque Santa Cruz', 29, 'Asunción', 'Paraguay', 'Paraguay', 191, 83),
	(539, 'Nelson Valdez', 27, 'Caaguazu', 'Paraguay', 'Paraguay', 178, 73),
	(540, 'Gerardo Martino', 48, 'Rosario', 'Argentinien', 'Argentinien', 175, 70),
	(541, 'Jorge Pautasso', 48, 'Rafaela', 'Argentinien', 'Argentinien', 182, 77),
	(542, 'Beto', 28, 'Lisboa', 'Portugal', 'Portugal', 180, 75),
	(543, 'Daniel Fernandes', 27, 'Edmonton', 'Kanada', 'Portugal', 193, 99),
	(544, 'Eduardo', 28, 'Mirandela', 'Portugal', 'Portugal', 187, 84),
	(545, 'Bruno Alves', 29, 'Porto', 'Portugal', 'Portugal', 187, 83),
	(546, 'Fábio Coentrão', 22, 'Vila do Conde', 'Portugal', 'Portugal', 179, 70),
	(547, 'Miguel', 30, 'Lisboa', 'Portugal', 'Portugal', 175, 64),
	(548, 'Paulo Ferreira', 31, 'Cascais', 'Portugal', 'Portugal', 182, 76),
	(549, 'Pepe', 27, 'Maceió', 'Brasilien', 'Portugal', 188, 81),
	(550, 'Ricardo Carvalho', 32, 'Amarante', 'Portugal', 'Portugal', 182, 79),
	(551, 'Ricardo Costa', 29, 'Vila Nova de Gaia', 'Portugal', 'Portugal', 183, 80),
	(552, 'Rolando', 25, 'São Vicente', 'Kapverdische Inseln', 'Portugal', 189, 77),
	(553, 'Deco', 33, 'São Bernardo do Campo', 'Brasilien', 'Portugal', 174, 73),
	(554, 'Duda', 30, 'Oporto', 'Portugal', 'Portugal', 175, 71),
	(555, 'Miguel Veloso', 24, 'Coimbra', 'Portugal', 'Portugal', 180, 79),
	(556, 'Pedro Mendes', 31, 'Guimarães', 'Portugal', 'Portugal', 177, 77),
	(557, 'Raúl Meireles', 27, 'Porto', 'Portugal', 'Portugal', 179, 65),
	(558, 'Ruben Amorim', 25, 'Lisboa', 'Portugal', 'Portugal', 178, 72),
	(559, 'Tiago', 29, 'Viana do Castelo', 'Portugal', 'Portugal', 183, 71),
	(560, 'Cristiano Ronaldo', 25, 'Funchal', 'Portugal', 'Portugal', 185, 80),
	(561, 'Danny', 27, 'Caracas', 'Venezuela', 'Portugal', 175, 62),
	(562, 'Hugo Almeida', 26, 'Figueira da Foz', 'Portugal', 'Portugal', 190, 79),
	(563, 'Liédson', 33, 'Cairu', 'Brasilien', 'Portugal', 175, 63),
	(564, 'Simão', 31, 'Constantim', 'Portugal', 'Portugal', 170, 64),
	(565, 'Carlos Queiroz', 57, 'Nampula', 'Mosambik', 'Portugal', 182, 77),
	(566, 'Diego Benaglio', 27, 'Zürich', 'Schweiz', 'Schweiz', 194, 89),
	(567, 'Johnny Leoni', 26, 'Sion', 'Schweiz', 'Schweiz', 188, 77),
	(568, 'Marco Wölfli', 28, 'Grenchen', 'Schweiz', 'Schweiz', 185, 83),
	(569, 'Mario Eggimann', 29, 'Brugg', 'Schweiz', 'Schweiz', 189, 84),
	(570, 'Stéphane Grichting', 31, 'Sierre', 'Schweiz', 'Schweiz', 186, 84),
	(571, 'Stephan Lichtsteiner', 26, 'Adligenswil', 'Schweiz', 'Schweiz', 181, 69),
	(572, 'Ludovic Magnin', 31, 'Lausanne', 'Schweiz', 'Schweiz', 185, 76),
	(573, 'Philippe Senderos', 25, 'Genève', 'Schweiz', 'Schweiz', 190, 84),
	(574, 'Steve von Bergen', 27, 'Neuchâtel', 'Schweiz', 'Schweiz', 181, 76),
	(575, 'Reto Ziegler', 24, 'Genf', 'Schweiz', 'Schweiz', 180, 73),
	(576, 'Tranquillo Barnetta', 25, 'St. Gallen', 'Schweiz', 'Schweiz', 178, 68),
	(577, 'Valon Behrami', 25, 'Kosovska Mitrovica', 'Kosovo', 'Schweiz', 184, 78),
	(578, 'Gelson Fernandes', 24, 'Praia', 'Kapverdische Inseln', 'Schweiz', 183, 70),
	(579, 'Benjamin Huggel', 33, 'Dornach', 'Schweiz', 'Schweiz', 188, 84),
	(580, 'Gökhan Inler', 26, 'Olten', 'Schweiz', 'Schweiz', 183, 80),
	(581, 'Marco Padalino', 27, 'Viganello', 'Schweiz', 'Schweiz', 177, 72),
	(582, 'Pirmin Schwegler', 23, 'Ettiswil', 'Schweiz', 'Schweiz', 178, 68),
	(583, 'Xherdan Shaqiri', 19, 'Gjilan', 'Kosovo', 'Schweiz', 169, 72),
	(584, 'Hakan Yakin', 33, 'Basel', 'Schweiz', 'Schweiz', 180, 78),
	(585, 'Albert Bunjaku', 27, 'Gjilan', 'Kosovo', 'Schweiz', 178, 76),
	(586, 'Eren Derdiyok', 22, 'Basel', 'Schweiz', 'Schweiz', 190, 83),
	(587, 'Alexander Frei', 31, 'Basel', 'Schweiz', 'Schweiz', 179, 74),
	(588, 'Blaise Nkufo', 35, 'Kinshasa', 'DR Kongo', 'Schweiz', 186, 86),
	(589, 'Ottmar Hitzfeld', 61, 'Lörrach', 'Deutschland', 'Deutschland', 178, 73),
	(590, 'Michel Pont', 56, 'Genève', 'Schweiz', 'Schweiz', 182, 77),
	(591, 'An?elko ?uri?i?', 30, 'Cajetina', 'Serbien', 'Serbien', 190, 85),
	(592, 'Bojan Isailovi?', 30, 'Visok', 'Serbien', 'Serbien', 192, 88),
	(593, 'Vladimir Stojkovi?', 27, 'Loznica', 'Serbien', 'Serbien', 195, 92),
	(594, 'Branislav Ivanovi?', 26, 'Sremska Mitrovica', 'Serbien', 'Serbien', 182, 78),
	(595, 'Aleksandar Kolarov', 25, 'Beograd', 'Serbien', 'Serbien', 187, 80),
	(596, 'Aleksandar Lukovi?', 28, 'Kraljevo', 'Serbien', 'Serbien', 185, 79),
	(597, 'Ivan Obradovi?', 22, 'Obrenovac', 'Serbien', 'Serbien', 181, 74),
	(598, 'Antonio Rukavina', 26, 'Beograd', 'Serbien', 'Serbien', 177, 74),
	(599, 'Neven Suboti?', 22, 'Banja Luka', 'Bosnien-Herzegowina', 'Serbien', 193, 88),
	(600, 'Nemanja Vidi?', 29, 'Užice', 'Serbien', 'Serbien', 188, 82),
	(601, 'Gojko Ka?ar', 23, 'Novi Sad', 'Serbien', 'Serbien', 185, 84),
	(602, 'Miloš Krasi?', 26, 'Kosovska Mitrovica', 'Kosovo', 'Serbien', 185, 70),
	(603, 'Zdravko Kuzmanovi?', 23, 'Bern', 'Schweiz', 'Serbien', 186, 71),
	(604, 'Nenad Milijaš', 27, 'Belgrad', 'Serbien', 'Serbien', 185, 81),
	(605, 'Miloš Ninkovi?', 26, 'Beograd', 'Serbien', 'Serbien', 180, 76),
	(606, 'Radoslav Petrovi?', 21, 'Ub', 'Serbien', 'Serbien', 193, 82),
	(607, 'Dejan Stankovi?', 32, 'Beograd', 'Serbien', 'Serbien', 181, 75),
	(608, 'Zoran Toši?', 23, 'Zrenjanin', 'Serbien', 'Serbien', 171, 69),
	(609, 'Milan Jovanovi?', 29, '?a?ak', 'Serbien', 'Serbien', 183, 73),
	(610, 'Danko Lazovi?', 27, 'Kragujevac', 'Serbien', 'Serbien', 184, 75),
	(611, 'Dragan Mr?a', 26, 'Vrsac', 'Serbien', 'Serbien', 187, 77),
	(612, 'Marko Panteli?', 32, 'Beograd', 'Serbien', 'Serbien', 183, 80),
	(613, 'Nikola Žigi?', 30, 'Ba?ka Topola', 'Serbien', 'Serbien', 202, 90),
	(614, 'Radomir Anti?', 62, 'Žitište', 'Serbien', 'Serbien', 182, 77),
	(615, 'Dušan Kuciak', 25, 'Žilina', 'Slowakei', 'Slowakei', 194, 87),
	(616, 'Ján Mucha', 28, 'Belá nad Cirochou', 'Slowakei', 'Slowakei', 189, 87),
	(617, 'Dušan Perniš', 26, 'Nitra', 'Slowakei', 'Slowakei', 191, 85),
	(618, 'Marek ?ech', 27, 'Trebisov', 'Slowakei', 'Slowakei', 180, 73),
	(619, 'Ján ?urica', 29, 'Dunajska Streda', 'Slowakei', 'Slowakei', 187, 83),
	(620, 'Peter Pekarík', 24, 'Žilina', 'Slowakei', 'Slowakei', 176, 69),
	(621, 'Martin Petráš', 31, 'Prievidza', 'Slowakei', 'Slowakei', 186, 82),
	(622, 'Kornel Salata', 25, 'Kamenica nad Hronom', 'Slowakei', 'Slowakei', 189, 91),
	(623, 'Martin Škrtel', 26, 'Handlová', 'Slowakei', 'Slowakei', 191, 81),
	(624, 'Radoslav Zabavník', 30, 'Košice', 'Slowakei', 'Slowakei', 180, 78),
	(625, 'Marek Hamšík', 23, 'Banska Bystrica', 'Slowakei', 'Slowakei', 183, 79),
	(626, 'Kamil Kopúnek', 26, 'Trnava', 'Slowakei', 'Slowakei', 179, 71),
	(627, 'Ján Kozák', 30, 'Košice', 'Slowakei', 'Slowakei', 192, 87),
	(628, 'Juraj Kucka', 23, 'Bojnice', 'Slowakei', 'Slowakei', 186, 84),
	(629, 'Marek Sapara', 28, 'Kosice', 'Slowakei', 'Slowakei', 176, 67),
	(630, 'Zdeno Štrba', 34, 'Krásno nad Kysucou', 'Slowakei', 'Slowakei', 187, 81),
	(631, 'Vladimír Weiss', 21, 'Bratislava', 'Slowakei', 'Slowakei', 173, 71),
	(632, 'Filip Hološko', 26, 'Piestany', 'Slowakei', 'Slowakei', 184, 80),
	(633, 'Martin Jakubko', 30, 'Hminanska Nova Ves', 'Slowakei', 'Slowakei', 190, 89),
	(634, 'Erik Jendrišek', 24, 'Trstena', 'Slowakei', 'Slowakei', 176, 74),
	(635, 'Stanislav Šesták', 28, 'Prešov', 'Slowakei', 'Slowakei', 179, 68),
	(636, 'Miroslav Stoch', 21, 'Nitra', 'Slowakei', 'Slowakei', 168, 66),
	(637, 'Róbert Vittek', 28, 'Bratislava', 'Slowakei', 'Slowakei', 187, 82),
	(638, 'Vladimir Weiss', 46, 'Bratislava', 'Slowakei', 'Slowakei', 182, 73),
	(639, 'Jasmin Handanovi?', 32, 'Ljubiana', 'Slowenien', 'Slowenien', 196, 98),
	(640, 'Samir Handanovi?', 26, 'Sanski Most', 'Bosnien-Herzegowina', 'Slowenien', 193, 82),
	(641, 'Aleksander Šeliga', 30, 'Celje', 'Slowenien', 'Slowenien', 187, 80),
	(642, 'Mišo Bre?ko', 26, 'Trbovlje', 'Slowenien', 'Slowenien', 178, 77),
	(643, 'Boštjan Cesar', 28, 'Ljubljana', 'Slowenien', 'Slowenien', 190, 87),
	(644, 'Elvedin Džini?', 25, 'Maribor', 'Slowenien', 'Slowenien', 185, 80),
	(645, 'Suad Filekovic', 32, 'Ljubljana', 'Slowenien', 'Slowenien', 190, 81),
	(646, 'Branko Ili?', 27, 'Ljubljana', 'Slowenien', 'Slowenien', 188, 80),
	(647, 'Matej Mavri?', 31, 'Koper', 'Jugoslawien', 'Slowenien', 187, 85),
	(648, 'Marko Šuler', 27, 'Slovenj Gradec', 'Jugoslawien', 'Slowenien', 187, 71),
	(649, 'Bojan Joki?', 24, 'Kranj', 'Slowenien', 'Slowenien', 176, 75),
	(650, 'Andraž Kirm', 26, 'Ljubljana', 'Slowenien', 'Slowenien', 183, 68),
	(651, 'Andrej Komac', 31, 'Šempeter pri Gorici', 'Jugoslawien', 'Slowenien', 176, 71),
	(652, 'Robert Koren', 30, 'Ljubljana', 'Slowenien', 'Slowenien', 175, 71),
	(653, 'Rene Krhin', 20, 'Maribor', 'Slowenien', 'Slowenien', 189, 78),
	(654, 'Nejc Pe?nik', 24, 'Dravograd', 'Slowenien', 'Slowenien', 187, 81),
	(655, 'Aleksander Radosavljevi?', 31, 'Ljubljana', 'Slowenien', 'Slowenien', 182, 77),
	(656, 'Dalibor Stevanovi?', 26, 'Ljubljana', 'Slowenien', 'Slowenien', 183, 74),
	(657, 'Valter Birsa', 24, 'Sempeter pri Gorici', 'Slowenien', 'Slowenien', 184, 79),
	(658, 'Zlatko Dedi?', 26, 'Biha?', 'Bosnien-Herzegowina', 'Slowenien', 182, 77),
	(659, 'Zlatan Ljubijanki?', 27, 'Ljubljana', 'Slowenien', 'Slowenien', 183, 84),
	(660, 'Tim Matavž', 21, 'Šempeter pri Gorici', 'Slowenien', 'Slowenien', 188, 74),
	(661, 'Milivoje Novakovi?', 31, 'Ljubljana', 'Jugoslawien', 'Slowenien', 192, 85),
	(662, 'Matjaž Kek', 49, 'Maribor', 'Jugoslawien', 'Slowenien', 182, 77),
	(663, 'Iker Casillas', 29, 'Madrid', 'Spanien', 'Spanien', 185, 84),
	(664, 'Pepe Reina', 28, 'Madrid', 'Spanien', 'Spanien', 188, 92),
	(665, 'Víctor Valdés', 28, 'L\'Hospitalet de Llobregat', 'Spanien', 'Spanien', 183, 78),
	(666, 'Arbeloa', 27, 'Salamanca', 'Spanien', 'Spanien', 184, 79),
	(667, 'Capdevila', 32, 'Tàrrega', 'Spanien', 'Spanien', 182, 79),
	(668, 'Marchena', 31, 'Las Cabezas', 'Spanien', 'Spanien', 183, 78),
	(669, 'Piqué', 23, 'Barcelona', 'Spanien', 'Spanien', 192, 85),
	(670, 'Puyol', 32, 'Lleida', 'Spanien', 'Spanien', 178, 80),
	(671, 'Raúl Albiol', 25, 'Vilamarxant', 'Spanien', 'Spanien', 190, 82),
	(672, 'Sergio Ramos', 24, 'Sevilla', 'Spanien', 'Spanien', 183, 75),
	(673, 'Busquets', 22, 'Sabadell', 'Spanien', 'Spanien', 189, 73),
	(674, 'Cesc Fàbregas', 23, 'Arenys de Mar', 'Spanien', 'Spanien', 179, 75),
	(675, 'David Silva', 24, 'Arguineguín', 'Spanien', 'Spanien', 170, 67),
	(676, 'Iniesta', 26, 'Fuentealbilla', 'Spanien', 'Spanien', 170, 65),
	(677, 'Javi Martínez', 22, 'Estella-Lizarra', 'Spanien', 'Spanien', 190, 81),
	(678, 'Jesús Navas', 25, 'Los Palacios', 'Spanien', 'Spanien', 172, 64),
	(679, 'Xabi Alonso', 29, 'Tolosa', 'Spanien', 'Spanien', 183, 77),
	(680, 'Xavi', 30, 'Terrassa', 'Spanien', 'Spanien', 170, 68),
	(681, 'David Villa', 29, 'Langreo', 'Spanien', 'Spanien', 175, 69),
	(682, 'Fernando Torres', 26, 'Madrid', 'Spanien', 'Spanien', 183, 70),
	(683, 'Llorente', 25, 'Pamplona', 'Spanien', 'Spanien', 195, 94),
	(684, 'Mata', 22, 'Burgos', 'Spanien', 'Spanien', 170, 61),
	(685, 'Pedro', 23, 'Santa Cruz de Tenerife', 'Spanien', 'Spanien', 169, 64),
	(686, 'Vicente Del Bosque', 60, 'Salamanca', 'Spanien', 'Spanien', 184, 80),
	(687, 'Moeneeb Josephs', 30, 'Mitchell\'s Plain', 'Südafrika', 'Südafrika', 184, 89),
	(688, 'Itumeleng Khune', 23, 'Ventersdorp', 'Südafrika', 'Südafrika', 181, 75),
	(689, 'Shu-Aib Walters', 29, 'Kapstadt', 'Südafrika', 'Südafrika', 189, 84),
	(690, 'Matthew Booth', 33, 'Fish Hoek, Western Cape', 'Südafrika', 'Südafrika', 194, 87),
	(691, 'Siboniso Gaxa', 26, 'Durban', 'Südafrika', 'Südafrika', 160, 63),
	(692, 'Bongani Khumalo', 23, 'Manzini', 'Swasiland', 'Südafrika', 187, 82),
	(693, 'Tsepo Masilela', 25, 'Witbank', 'Südafrika', 'Südafrika', 174, 70),
	(694, 'Aaron Mokoena', 30, 'Johannesburg', 'Südafrika', 'Südafrika', 187, 79),
	(695, 'Anele Ngcongca', 23, 'Cape Town', 'Südafrika', 'Südafrika', 182, 68),
	(696, 'Siyabonga Sangweni', 29, 'Empangeni', 'Südafrika', 'Südafrika', 186, 78),
	(697, 'Lucas Thwala', 29, 'Jeppies Reef', 'Südafrika', 'Südafrika', 171, 75),
	(698, 'Lance Davids', 25, 'Kapstadt', 'Südafrika', 'Südafrika', 174, 72),
	(699, 'Kagisho Dikgacoi', 26, 'Brandfort', 'Südafrika', 'Südafrika', 183, 81),
	(700, 'Thanduyise Khuboni', 24, 'Durban', 'Südafrika', 'Südafrika', 181, 71),
	(701, 'Reneilwe Letsholonyane', 28, 'Jabavu', 'Südafrika', 'Südafrika', 172, 69),
	(702, 'Teko Modise', 28, 'Soweto', 'Südafrika', 'Südafrika', 168, 63),
	(703, 'Surprise Moriri', 30, 'Matibidi', 'Südafrika', 'Südafrika', 173, 68),
	(704, 'Steven Pienaar', 28, 'Johannesburg', 'Südafrika', 'Südafrika', 176, 66),
	(705, 'Macbeth Sibaya', 33, 'Durban, KwaZulu-Natal', 'Südafrika', 'Südafrika', 178, 74),
	(706, 'Siphiwe Tshabalala', 26, 'Phiri', 'Südafrika', 'Südafrika', 170, 72),
	(707, 'Katlego Mphela', 26, 'Brits', 'Südafrika', 'Südafrika', 183, 70),
	(708, 'Siyabonga Nomvethe', 33, 'Kwa Mashu', 'Südafrika', 'Südafrika', 178, 74),
	(709, 'Bernard Parker', 24, 'Boksburg', 'Südafrika', 'Südafrika', 178, 71),
	(710, 'Carlos Alberto Parreira', 67, 'Rio de Janeiro', 'Brasilien', 'Brasilien', 182, 77),
	(711, 'Sung-Ryong Jung', 25, 'Jeju', 'Südkorea', 'Südkorea', 189, 85),
	(712, 'Young-Kwang Kim', 27, 'Goheung', 'Südkorea', 'Südkorea', 184, 85),
	(713, 'Woon-Jae Lee', 37, 'Jeonju', 'Südkorea', 'Südkorea', 182, 82),
	(714, 'Du-Ri Cha', 30, 'Frankfurt am Main', 'Deutschland', 'Südkorea', 181, 81),
	(715, 'Yong-Hyung Cho', 27, 'Incheon', 'Südkorea', 'Südkorea', 182, 77),
	(716, 'Min-Soo Kang', 24, 'Goyang', 'Südkorea', 'Südkorea', 186, 74),
	(717, 'Dong-Jin Kim', 28, 'Dungducheon', 'Südkorea', 'Südkorea', 183, 77),
	(718, 'Hyung-Il Kim', 26, 'Seoul', 'Südkorea', 'Südkorea', 187, 83),
	(719, 'Jung-Soo Lee', 30, 'Gimhae', 'Südkorea', 'Südkorea', 185, 76),
	(720, 'Young-Pyo Lee', 33, 'Hongcheon', 'Südkorea', 'Südkorea', 176, 66),
	(721, 'Beom-Seok Oh', 26, 'Pohang', 'Südkorea', 'Südkorea', 180, 73),
	(722, 'Sung-Yueng Ki', 21, 'Seoul', 'Südkorea', 'Südkorea', 187, 75),
	(723, 'Bo-Kyung Kim', 21, 'Seoul', 'Südkorea', 'Südkorea', 178, 73),
	(724, 'Jae-Sung Kim', 27, 'Seoul', 'Südkorea', 'Südkorea', 180, 70),
	(725, 'Jung-Woo Kim', 28, 'Ulsan', 'Südkorea', 'Südkorea', 182, 68),
	(726, 'Nam-Il Kim', 33, 'Seoul', 'Südkorea', 'Südkorea', 182, 76),
	(727, 'Chung-Yong Lee', 22, 'Seoul', 'Südkorea', 'Südkorea', 180, 62),
	(728, 'Ji-Sung Park', 29, 'Seoul', 'Südkorea', 'Südkorea', 175, 70),
	(729, 'Ki-Hun Yeom', 27, 'Haenam', 'Südkorea', 'Südkorea', 181, 76),
	(730, 'Jung-Hwan Ahn', 34, 'Seoul', 'Südkorea', 'Südkorea', 177, 71),
	(731, 'Dong-Gook Lee', 31, 'Seoul', 'Südkorea', 'Südkorea', 185, 80),
	(732, 'Seung-Ryul Lee', 21, 'Bucheon', 'Südkorea', 'Südkorea', 182, 77),
	(733, 'Chu-Young Park', 25, 'Daegu', 'Südkorea', 'Südkorea', 183, 70),
	(734, 'Jung-Moo Huh', 55, 'Jindo', 'Südkorea', 'Südkorea', 176, 74),
	(735, 'Juan Castillo', 32, 'Montevideo', 'Uruguay', 'Uruguay', 181, 77),
	(736, 'Fernando Muslera', 24, 'Buenos Aires', 'Argentinien', 'Uruguay', 190, 74),
	(737, 'Martín Silva', 27, 'Montevideo', 'Uruguay', 'Uruguay', 186, 80),
	(738, 'Martín Cáceres', 23, 'Montevideo', 'Uruguay', 'Uruguay', 182, 77),
	(739, 'Jorge Fucile', 26, 'Montevideo', 'Uruguay', 'Uruguay', 178, 73),
	(740, 'Diego Godín', 24, 'Rosario', 'Uruguay', 'Uruguay', 185, 75),
	(741, 'Ignacio González', 27, 'Trinidad', 'Uruguay', 'Uruguay', 183, 80),
	(742, 'Diego Lugano', 30, 'Canelones', 'Uruguay', 'Uruguay', 188, 88),
	(743, 'Maxi Pereira', 26, 'Montevideo', 'Uruguay', 'Uruguay', 173, 70),
	(744, 'Mauricio Victorino', 28, 'Montevideo', 'Uruguay', 'Uruguay', 180, 78),
	(745, 'Egidio Arévalo', 28, 'Paysandú', 'Uruguay', 'Uruguay', 170, 68),
	(746, 'Sebastián Eguren', 29, 'Montevideo', 'Uruguay', 'Uruguay', 186, 84),
	(747, 'Alvaro Fernández', 25, 'Agraciada', 'Uruguay', 'Uruguay', 186, 72),
	(748, 'Walter Gargano', 26, 'Montevideo', 'Uruguay', 'Uruguay', 168, 65),
	(749, 'Nacho González', 28, 'Montevideo', 'Uruguay', 'Uruguay', 180, 73),
	(750, 'Nicolás Lodeiro', 21, 'Paysandú', 'Uruguay', 'Uruguay', 173, 70),
	(751, 'Álvaro Pereira', 25, 'Montevideo', 'Uruguay', 'Uruguay', 182, 80),
	(752, 'Diego Pérez', 30, 'Montevideo', 'Uruguay', 'Uruguay', 176, 78),
	(753, 'Andrés Scotti', 35, 'Montevideo', 'Uruguay', 'Uruguay', 183, 80),
	(754, 'Sebastián Abreu', 34, 'Minas', 'Uruguay', 'Uruguay', 190, 84),
	(755, 'Edinson Cavani', 23, 'Salto', 'Uruguay', 'Uruguay', 184, 71),
	(756, 'Sebastián Fernández', 25, 'Montevideo', 'Uruguay', 'Uruguay', 168, 69),
	(757, 'Diego Forlán', 31, 'Montevideo', 'Uruguay', 'Uruguay', 179, 75),
	(758, 'Luis Suárez', 23, 'Salto', 'Uruguay', 'Uruguay', 182, 81),
	(759, 'Oscar Tabárez', 63, 'Montevideo', 'Uruguay', 'Uruguay', 182, 77),
	(760, 'Brad Guzan', 26, 'Homer Glen', 'USA', 'USA', 193, 95),
	(761, 'Marcus Hahnemann', 38, 'Seattle', 'USA', 'USA', 191, 103),
	(762, 'Tim Howard', 31, 'North Brunswick', 'USA', 'USA', 195, 88),
	(763, 'Carlos Bocanegra', 31, 'Upland', 'USA', 'USA', 183, 78),
	(764, 'Jonathan Bornstein', 26, 'Torrance', 'USA', 'USA', 175, 66),
	(765, 'Steven Cherundolo', 31, 'Rockford', 'USA', 'USA', 172, 69),
	(766, 'Jay DeMerit', 31, 'Green Bay', 'USA', 'USA', 185, 82),
	(767, 'Clarence Goodson', 28, 'Alexandria', 'USA', 'USA', 193, 75),
	(768, 'Oguchi Onyewu', 28, 'Washington', 'USA', 'USA', 194, 95),
	(769, 'Jonathan Spector', 24, 'Arlington Heights', 'USA', 'USA', 183, 80),
	(770, 'DaMarcus Beasley', 28, 'Fort Wayne', 'USA', 'USA', 170, 62),
	(771, 'Michael Bradley', 23, 'Princeton', 'USA', 'USA', 186, 75),
	(772, 'Ricardo Clark', 27, 'Atlanta', 'USA', 'USA', 178, 68),
	(773, 'Clint Dempsey', 27, 'Nacogdoches', 'USA', 'USA', 185, 77),
	(774, 'Landon Donovan', 28, 'Ontario', 'USA', 'USA', 173, 72),
	(775, 'Maurice Edu', 24, 'Fontana', 'USA', 'USA', 183, 85),
	(776, 'Benny Feilhaber', 25, 'Rio de Janeiro', 'Brasilien', 'USA', 175, 68),
	(777, 'Stuart Holden', 25, 'Aberdeen', 'Schottland', 'USA', 178, 73),
	(778, 'José Francisco Torres', 23, 'Longview', 'USA', 'USA', 165, 61),
	(779, 'Jozy Altidore', 21, 'Livingston', 'USA', 'USA', 178, 79),
	(780, 'Edson Buddle', 29, 'New Rochelle', 'USA', 'USA', 185, 77),
	(781, 'Robbie Findley', 25, 'Phoenix', 'USA', 'USA', 175, 75),
	(782, 'Hérculez Gómez', 28, 'Los Angeles', 'USA', 'USA', 178, 75),
	(783, 'Bob Bradley', 52, 'Montclair', 'USA', 'USA', 182, 77),
	(784, 'Luboš Kubík', 46, 'Vysoké Mýto', 'Tschechien', 'Tschechien', 187, 83),
	(785, 'Ravshan Sayfiddinovich Irmatov', 33, 'Tashkent', 'Usbekistan', 'Usbekistan', 183, 70),
	(786, 'Héctor Walter Baldassi', 44, 'Río Ceballos', 'Argentinien', 'Argentinien', 180, 75),
	(787, 'Viktor Kassai', 35, 'Tatabánya', 'Ungarn', 'Ungarn', 189, 79),
	(788, 'Jorge Luis Larrionda Pietrafesa', 42, 'Montevideo', 'Uruguay', 'Uruguay', 176, 75),
	(789, 'Yuichi Nishimura', 38, 'Tokyo', 'Japan', 'Japan', 180, 75),
	(790, 'Howard Melton Webb', 39, 'Rotherham', 'England', 'England', 184, 92),
	(791, 'Benito Armando Archundia Tellez', 44, 'Tlalnepantla', 'Mexiko', 'Mexiko', 170, 67),
	(792, 'Carlos Alberto Batres Gonzalez', 42, 'Guatemala City', 'Guatemala', 'Guatemala', 178, 81),
	(793, 'Olegario Benquerença', 41, 'Moura', 'Portugal', 'Portugal', 184, 80),
	(794, 'Frank De Bleeckere', 44, 'Brüssel', 'Belgien', 'Belgien', 182, 70),
	(795, 'Wolfgang Stark', 41, 'Landshut', 'Deutschland', 'Deutschland', 190, 83),
	(796, 'Alberto Undiano Mallenco', 37, 'Pamplona', 'Spanien', 'Spanien', 181, 73),
	(797, 'Khalil Ibrahim Al Ghamdi', 40, 'Jeddah', 'Saudi-Arabien', 'Saudi-Arabien', 180, 75),
	(798, 'Jerome Damon', 38, 'Kapstadt', 'Südafrika', 'Südafrika', 180, 75),
	(799, 'Stéphane Lannoy', 41, 'Boulogne sur Mer', 'Frankreich', 'Frankreich', 185, 78),
	(800, 'Eddy Allen Maillet Guyto', 43, 'Victoria', 'Seychellen', 'Seychellen', 180, 75),
	(801, 'Pablo Antonio Pozo Quinteros', 37, 'Santiago de Chile', 'Chile', 'Chile', 180, 75),
	(802, 'Marco Antonio Rodríguez Moreno', 37, 'Mexico City', 'Mexiko', 'Mexiko', 179, 83),
	(803, 'Roberto Rosetti', 43, 'Pecetto Torinese', 'Italien', 'Italien', 190, 84),
	(804, 'Óscar Julián Ruiz Acosta', 41, 'Villavicencio', 'Kolumbien', 'Kolumbien', 185, 83),
	(805, 'Carlos Eugênio Simon', 45, 'Braga', 'Brasilien', 'Brasilien', 179, 72),
	(806, 'Massimo Busacca', 41, 'Bellinzona', 'Schweiz', 'Schweiz', 180, 73),
	(807, 'Koman Coulibaly', 40, 'Bamako', 'Mali', 'Mali', 180, 75),
	(808, 'Michael Hester', 38, 'Sydney', 'Australien', 'Neuseeland', 180, 75),
	(809, 'Rafael Ilyasov', 37, 'Taschkent', 'Usbekistan', 'Usbekistan', 180, 80),
	(810, 'Bahadyr Kochkarov', 40, 'Bischkek', 'Kirgisistan', 'Kirgisistan', 170, 67),
	(811, 'Toru Sagara', 34, 'Tokio', 'Japan', 'Japan', 170, 70),
	(812, 'Jeong-Hae Sang', 39, 'Seoul', 'Südkorea', 'Südkorea', 170, 70),
	(813, 'Matthias Arnet', 42, 'Bern', 'Schweiz', 'Schweiz', 180, 72),
	(814, 'Francesco Buragina', 44, 'Bern', 'Schweiz', 'Schweiz', 179, 72),
	(815, 'Hassan Kamranifar', 38, 'Teheran', 'Iran', 'Iran', 180, 72),
	(816, 'Saleh Al Marzouqi', 40, 'Abu Dhabi', 'Vereinigte Arabische Emirate', 'Vereinigte Arabische Emirate', 179, 72),
	(817, 'Gabor Erös', 39, 'Várpalota', 'Ungarn', 'Ungarn', 178, 79),
	(818, 'Tibor Vamos', 43, 'Budapest', 'Ungarn', 'Ungarn', 187, 82),
	(819, 'Abraham González', 40, 'Barcelona', 'Kolumbien', 'Kolumbien', 173, 79),
	(820, 'Humberto Clavijo', 37, 'Bogotá, D.C.', 'Kolumbien', 'Kolumbien', 170, 67),
	(821, 'Jan-Hendrik Hintz', 34, 'Berlin', 'Deutschland', 'Neuseeland', 180, 75),
	(822, 'Tevita Makasini', 34, 'Nukuʻalofa', 'Tonga', 'Tonga', 170, 67),
	(823, 'Jan-Hendrik Salver', 41, 'Berlin', 'Deutschland', 'Deutschland', 183, 78),
	(824, 'Mike Pickel', 35, 'Berlin', 'Deutschland', 'Deutschland', 181, 74),
	(825, 'Peter Hermans', 44, 'Brüssel', 'Belgien', 'Belgien', 180, 78),
	(826, 'Walter Vromans', 42, 'Brüssel', 'Belgien', 'Belgien', 180, 75),
	(827, 'Bertino Miranda', 38, 'Lissabon', 'Portugal', 'Portugal', 180, 78),
	(828, 'José Cardinal', 43, 'Lissabon', 'Portugal', 'Portugal', 182, 78),
	(829, 'Altemir Hausmann', 42, 'Sao Paulo', 'Brasilien', 'Brasilien', 180, 78),
	(830, 'Roberto Braatz', 43, 'Sao Paulo', 'Brasilien', 'Brasilien', 180, 78),
	(831, 'Leonel Leal', 34, 'San José', 'Costa Rica', 'Costa Rica', 180, 78),
	(832, 'Carlos Pastrana', 42, 'Cuernavaca', 'Honduras', 'Honduras', 180, 78),
	(833, 'Redouane Achik', 38, 'Rabat', 'Marokko', 'Marokko', 180, 78),
	(834, 'Inacio Candido', 39, 'Luanda', 'Angola', 'Angola', 180, 78),
	(835, 'Ricardo Alberto Casas', 43, 'Buenos Aires', 'Argentinien', 'Argentinien', 180, 78),
	(836, 'Hernán Pablo Maidana', 38, 'Buenos Aires', 'Argentinien', 'Argentinien', 180, 78),
	(837, 'José Luis Camargo Callado', 38, 'Mexico City', 'Mexiko', 'Mexiko', 170, 68),
	(838, 'Alberto Morín Méndez', 30, 'Mexico City', 'Mexiko', 'Mexiko', 180, 78),
	(839, 'Fermin Martínez Ibáñez', 44, 'Madrid', 'Spanien', 'Spanien', 174, 68),
	(840, 'Juan Carlos Yuste Jiménez', 35, 'Madrid', 'Spanien', 'Spanien', 171, 70),
	(841, 'Paolo Calcagno', 44, 'Rom', 'Italien', 'Italien', 170, 65),
	(842, 'Stefano Ayroldi', 43, 'Rom', 'Italien', 'Italien', 170, 65),
	(843, 'Mauricio Espinoza Rodríguez', 38, 'Montevideo', 'Uruguay', 'Uruguay', 170, 65),
	(844, 'Pablo Javier Fandiño', 44, 'Montevideo', 'Uruguay', 'Uruguay', 170, 70),
	(845, 'Eric Dansault', 42, 'Tours', 'Frankreich', 'Frankreich', 176, 80),
	(846, 'Laurent Ugo', 37, 'Paris', 'Frankreich', 'Frankreich', 188, 80),
	(847, 'Celestin Ntagungira', 44, 'Kigali', 'Ruanda', 'Ruanda', 170, 65),
	(848, 'Tshotleno Enock Molefe', 42, 'Kapstadt', 'Südafrika', 'Südafrika', 166, 67),
	(849, 'Patricio Antonio Basualto Vargas', 38, 'Santiago de Chile', 'Chile', 'Chile', 170, 65),
	(850, 'Francisco Alejandro Mondria Carvajal', 38, 'Santiago de Chile', 'Chile', 'Chile', 170, 65),
	(851, 'Hector Osvaldo Vergara', 44, 'Jaunde', 'Kanada', 'Kanada', 183, 80),
	(852, 'Marvin Torrentera Rivera', 39, 'Mexico City', 'Mexiko', 'Mexiko', 170, 65),
	(853, 'Evarist Menkouande', 36, 'Jaunde', 'Kamerun', 'Kamerun', 180, 80),
	(854, 'Bechir Hassani', 41, 'Tunis', 'Tunesien', 'Tunesien', 170, 65),
	(855, 'Darren Cann', 41, 'London', 'England', 'England', 180, 78),
	(856, 'Mike Mullarkey', 40, 'London', 'England', 'England', 178, 73);
/*!40000 ALTER TABLE `person` ENABLE KEYS */;


-- Exportiere Struktur von Tabelle SWT14.player
CREATE TABLE IF NOT EXISTS `player` (
  `person_id` int(11) NOT NULL,
  `position` enum('Torwart','Innenverteidiger','Außenverteidiger','Mittelfeld','Flügelspieler','Stürmer') DEFAULT NULL,
  `footer` enum('rechts','links','beidfüßig') DEFAULT NULL,
  `association` int(11) DEFAULT NULL,
  `market_value` int(11) DEFAULT NULL,
  PRIMARY KEY (`person_id`),
  KEY `player_asso_idx` (`association`),
  CONSTRAINT `player_asso` FOREIGN KEY (`association`) REFERENCES `association` (`id`) ON DELETE CASCADE ON UPDATE CASCADE,
  CONSTRAINT `player_person` FOREIGN KEY (`person_id`) REFERENCES `person` (`id`) ON DELETE CASCADE ON UPDATE CASCADE
) ENGINE=InnoDB DEFAULT CHARSET=utf8;

-- Exportiere Daten aus Tabelle SWT14.player: ~166 rows (ungefähr)
/*!40000 ALTER TABLE `player` DISABLE KEYS */;
INSERT INTO `player` (`person_id`, `position`, `footer`, `association`, `market_value`) VALUES
	(1, 'Torwart', 'rechts', 1, 150000),
	(2, 'Torwart', 'rechts', 1, 100000),
	(3, 'Torwart', 'rechts', 1, 500000),
	(4, 'Außenverteidiger', 'links', 1, 500000),
	(5, 'Innenverteidiger', 'rechts', 1, 400000),
	(6, 'Innenverteidiger', 'rechts', 1, 500000),
	(7, 'Innenverteidiger', 'rechts', 1, 800000),
	(8, 'Innenverteidiger', 'rechts', 1, 150000),
	(9, 'Innenverteidiger', 'rechts', 1, 1750000),
	(10, 'Innenverteidiger', 'beidfüßig', 1, 650000),
	(11, 'Mittelfeld', 'rechts', 1, 2000000),
	(12, 'Mittelfeld', 'beidfüßig', 1, 3500000),
	(13, 'Mittelfeld', 'beidfüßig', 1, 2500000),
	(14, 'Mittelfeld', 'rechts', 1, 2500000),
	(15, 'Mittelfeld', 'links', 1, 400000),
	(16, 'Mittelfeld', 'rechts', 1, 400000),
	(17, 'Flügelspieler', 'rechts', 1, 1000000),
	(18, 'Außenverteidiger', 'links', 1, 600000),
	(19, 'Mittelfeld', 'rechts', 1, 1800000),
	(20, 'Mittelfeld', 'rechts', 1, 1000000),
	(21, 'Stürmer', 'beidfüßig', 1, 2500000),
	(22, 'Stürmer', 'rechts', 1, 700000),
	(23, 'Stürmer', 'rechts', 1, 400000),
	(25, 'Torwart', 'rechts', 2, 3800000),
	(26, 'Torwart', 'rechts', 2, 500000),
	(27, 'Torwart', 'beidfüßig', 2, 2000000),
	(28, 'Innenverteidiger', 'beidfüßig', 2, 1000000),
	(29, 'Innenverteidiger', 'rechts', 2, 2500000),
	(30, 'Innenverteidiger', 'rechts', 2, 400000),
	(31, 'Innenverteidiger', 'links', 2, 400000),
	(32, 'Innenverteidiger', 'rechts', 2, 12000000),
	(33, 'Außenverteidiger', 'beidfüßig', 2, 500000),
	(34, 'Innenverteidiger', 'beidfüßig', 2, 1000000),
	(35, 'Mittelfeld', 'rechts', 2, 800000),
	(36, 'Flügelspieler', 'links', 2, 30000000),
	(37, 'Mittelfeld', 'rechts', 2, 3000000),
	(38, 'Mittelfeld', 'rechts', 2, 15000000),
	(39, 'Mittelfeld', 'rechts', 2, 20500000),
	(40, 'Mittelfeld', 'rechts', 2, 2000000),
	(41, 'Mittelfeld', 'beidfüßig', 2, 4700000),
	(42, 'Stürmer', 'beidfüßig', 2, 45000000),
	(43, 'Stürmer', 'beidfüßig', 2, 4700000),
	(44, 'Mittelfeld', 'links', 2, 120000000),
	(45, 'Stürmer', 'rechts', 2, 1500000),
	(46, 'Stürmer', 'links', 2, 4700000),
	(47, 'Flügelspieler', 'beidfüßig', 2, 22000000),
	(49, 'Torwart', 'rechts', 3, 1000000),
	(50, 'Torwart', 'rechts', 3, 1000000),
	(51, 'Torwart', 'rechts', 3, 1000000),
	(52, 'Innenverteidiger', 'rechts', 3, 400000),
	(53, 'Außenverteidiger', 'beidfüßig', 3, 800000),
	(54, 'Mittelfeld', 'links', 3, 300000),
	(55, 'Innenverteidiger', 'rechts', 3, 750000),
	(56, 'Innenverteidiger', 'rechts', 3, 150000),
	(57, 'Außenverteidiger', 'rechts', 3, 550000),
	(58, 'Mittelfeld', 'rechts', 3, 2500000),
	(59, 'Mittelfeld', 'rechts', 3, 500000),
	(60, 'Mittelfeld', 'rechts', 3, 1000000),
	(61, 'Mittelfeld', 'beidfüßig', 3, 300000),
	(62, 'Mittelfeld', 'rechts', 3, 300000),
	(63, 'Mittelfeld', 'beidfüßig', 3, 300000),
	(64, 'Mittelfeld', 'rechts', 3, 2000000),
	(65, 'Mittelfeld', 'beidfüßig', 3, 2500000),
	(66, 'Mittelfeld', 'links', 3, 400000),
	(67, 'Mittelfeld', 'rechts', 3, 400000),
	(68, 'Mittelfeld', 'links', 3, 300000),
	(69, 'Mittelfeld', 'rechts', 3, 500000),
	(70, 'Stürmer', 'rechts', 3, 1200000),
	(71, 'Flügelspieler', 'beidfüßig', 3, 650000),
	(76, 'Torwart', 'rechts', 4, 6000000),
	(77, 'Torwart', 'beidfüßig', 4, 14000000),
	(78, 'Torwart', 'links', 4, 2500000),
	(79, 'Außenverteidiger', 'rechts', 4, 18000000),
	(80, 'Innenverteidiger', 'rechts', 4, 40000000),
	(81, 'Innenverteidiger', 'rechts', 4, 700000),
	(82, 'Innenverteidiger', 'beidfüßig', 4, 5000000),
	(83, 'Außenverteidiger', 'rechts', 4, 9000000),
	(84, 'Innenverteidiger', 'rechts', 4, 40000000),
	(85, 'Mittelfeld', 'rechts', 4, 1800000),
	(86, 'Mittelfeld', 'rechts', 4, 10000000),
	(87, 'Mittelfeld', 'links', 4, 5000000),
	(88, 'Innenverteidiger', 'rechts', 4, 500000),
	(89, 'Mittelfeld', 'rechts', 4, 40000000),
	(90, 'Mittelfeld', 'beidfüßig', 4, 1500000),
	(91, 'Mittelfeld', 'beidfüßig', 4, 8000000),
	(92, 'Mittelfeld', 'beidfüßig', 4, 300000),
	(93, 'Mittelfeld', 'links', 4, 3500000),
	(94, 'Mittelfeld', 'rechts', 4, 30000000),
	(95, 'Stürmer', 'rechts', 4, 200000),
	(96, 'Stürmer', 'beidfüßig', 4, 1200000),
	(97, 'Stürmer', 'rechts', 4, 5000000),
	(98, 'Flügelspieler', 'rechts', 4, 6500000),
	(101, 'Torwart', 'rechts', 5, 4000000),
	(102, 'Torwart', 'rechts', 5, 500000),
	(103, 'Torwart', 'rechts', 5, 1500000),
	(104, 'Innenverteidiger', 'rechts', 5, 1000000),
	(105, 'Innenverteidiger', 'rechts', 5, 300000),
	(106, 'Außenverteidiger', 'rechts', 5, 10500000),
	(107, 'Innenverteidiger', 'rechts', 5, 1500000),
	(108, 'Innenverteidiger', 'rechts', 5, 750000),
	(109, 'Mittelfeld', 'links', 5, 44000000),
	(110, 'Mittelfeld', 'links', 5, 4000000),
	(111, 'Mittelfeld', 'rechts', 5, 2500000),
	(112, 'Mittelfeld', 'links', 5, 2000000),
	(113, 'Mittelfeld', 'rechts', 5, 5000000),
	(114, 'Mittelfeld', 'links', 5, 1000000),
	(115, 'Mittelfeld', 'rechts', 5, 11000000),
	(116, 'Mittelfeld', 'rechts', 5, 1000000),
	(117, 'Mittelfeld', 'links', 5, 400000),
	(118, 'Mittelfeld', 'rechts', 5, 1500000),
	(119, 'Mittelfeld', 'rechts', 5, 500000),
	(120, 'Flügelspieler', 'rechts', 5, 2500000),
	(121, 'Stürmer', 'rechts', 5, 1500000),
	(122, 'Flügelspieler', 'rechts', 5, 30000000),
	(123, 'Stürmer', 'rechts', 5, 2800000),
	(125, 'Torwart', 'rechts', 6, 1000000),
	(126, 'Torwart', 'links', 6, 200000),
	(127, 'Torwart', 'rechts', 6, 1000000),
	(128, 'Innenverteidiger', 'links', 6, 17000000),
	(129, 'Außenverteidiger', 'rechts', 6, 600000),
	(130, 'Innenverteidiger', 'rechts', 6, 900000),
	(131, 'Innenverteidiger', 'rechts', 6, 200000),
	(132, 'Mittelfeld', 'rechts', 6, 4500000),
	(133, 'Außenverteidiger', 'links', 6, 500000),
	(134, 'Außenverteidiger', 'links', 6, 1000000),
	(135, 'Außenverteidiger', 'beidfüßig', 6, 1250000),
	(136, 'Mittelfeld', 'beidfüßig', 6, 600000),
	(137, 'Mittelfeld', 'beidfüßig', 6, 18000000),
	(138, 'Flügelspieler', 'beidfüßig', 6, 900000),
	(139, 'Mittelfeld', 'rechts', 6, 250000),
	(140, 'Flügelspieler', 'beidfüßig', 6, 100000),
	(141, 'Mittelfeld', 'rechts', 6, 1000000),
	(142, 'Mittelfeld', 'rechts', 6, 1500000),
	(143, 'Mittelfeld', 'rechts', 6, 500000),
	(144, 'Stürmer', 'rechts', 6, 4000000),
	(145, 'Stürmer', 'links', 6, 900000),
	(146, 'Flügelspieler', 'rechts', 6, 250000),
	(147, 'Mittelfeld', 'rechts', 6, 900000),
	(149, 'Torwart', 'rechts', 7, 6700000),
	(150, 'Torwart', 'rechts', 7, 35000000),
	(151, 'Torwart', 'rechts', 7, 1000000),
	(152, 'Außenverteidiger', 'links', 7, 6500000),
	(153, 'Innenverteidiger', 'links', 7, 10000000),
	(154, 'Innenverteidiger', 'rechts', 7, 28000000),
	(155, 'Innenverteidiger', 'rechts', 7, 6700000),
	(156, 'Mittelfeld', 'links', 7, 6000000),
	(157, 'Außenverteidiger', 'rechts', 7, 30000000),
	(158, 'Innenverteidiger', 'rechts', 7, 18000000),
	(159, 'Innenverteidiger', 'rechts', 7, 6700000),
	(160, 'Mittelfeld', 'rechts', 7, 22000000),
	(161, 'Mittelfeld', 'beidfüßig', 7, 40000000),
	(162, 'Mittelfeld', 'rechts', 7, 5000000),
	(163, 'Mittelfeld', 'links', 7, 50000000),
	(164, 'Mittelfeld', 'rechts', 7, 40000000),
	(165, 'Mittelfeld', 'rechts', 7, 3000000),
	(166, 'Flügelspieler', 'rechts', 7, 1000000),
	(167, 'Stürmer', 'beidfüßig', 7, 22000000),
	(168, 'Stürmer', 'rechts', 7, 15000000),
	(169, 'Stürmer', 'rechts', 7, 1000000),
	(170, 'Mittelfeld', 'rechts', 7, 45000000),
	(171, 'Stürmer', 'links', 7, 23000000),
	(175, 'Torwart', 'rechts', 8, 1500000),
	(176, 'Torwart', 'rechts', 8, 100000),
	(177, 'Torwart', 'rechts', 8, 2000000),
	(178, 'Innenverteidiger', 'rechts', 8, 2000000),
	(179, 'Innenverteidiger', 'rechts', 8, 2500000),
	(180, 'Außenverteidiger', 'links', 8, 2000000),
	(181, 'Außenverteidiger', 'rechts', 8, 4750000),
	(182, 'Innenverteidiger', 'rechts', 8, 300000),
	(183, 'Innenverteidiger', 'rechts', 8, 4500000),
	(184, 'Außenverteidiger', 'rechts', 8, 1500000),
	(185, 'Mittelfeld', 'rechts', 8, 1800000),
	(186, 'Mittelfeld', 'rechts', 8, 500000),
	(187, 'Mittelfeld', 'beidfüßig', 8, 1500000),
	(188, 'Außenverteidiger', 'links', 8, 1000000),
	(189, 'Mittelfeld', 'rechts', 8, 10000000),
	(190, 'Mittelfeld', 'rechts', 8, 30000000),
	(191, 'Mittelfeld', 'rechts', 8, 3200000),
	(192, 'Flügelspieler', 'rechts', 8, 2000000),
	(193, 'Flügelspieler', 'rechts', 8, 23000000),
	(194, 'Stürmer', 'rechts', 8, 3000000),
	(195, 'Flügelspieler', 'rechts', 8, 16000000),
	(196, 'Flügelspieler', 'rechts', 8, 8000000),
	(197, 'Stürmer', 'rechts', 8, 2000000),
	(200, 'Torwart', 'rechts', 9, 1500000),
	(201, 'Torwart', 'rechts', 9, 16000000),
	(202, 'Torwart', 'rechts', 9, 2500000),
	(203, 'Innenverteidiger', 'beidfüßig', 9, 2600000),
	(204, 'Außenverteidiger', 'links', 9, 5000000),
	(205, 'Innenverteidiger', 'rechts', 9, 8000000),
	(206, 'Außenverteidiger', 'rechts', 9, 12000000),
	(207, 'Innenverteidiger', 'links', 9, 2600000),
	(208, 'Innenverteidiger', 'rechts', 9, 7500000),
	(209, 'Innenverteidiger', 'links', 9, 500000),
	(210, 'Mittelfeld', 'links', 9, 5000000),
	(211, 'Mittelfeld', 'beidfüßig', 9, 8500000),
	(212, 'Flügelspieler', 'rechts', 9, 2500000),
	(213, 'Mittelfeld', 'rechts', 9, 7500000),
	(214, 'Mittelfeld', 'rechts', 9, 2000000),
	(215, 'Mittelfeld', 'rechts', 9, 15000000),
	(216, 'Mittelfeld', 'rechts', 9, 15000000),
	(217, 'Außenverteidiger', 'links', 9, 500000),
	(218, 'Flügelspieler', 'rechts', 9, 1300000),
	(219, 'Stürmer', 'rechts', 9, 2500000),
	(220, 'Stürmer', 'rechts', 9, 6000000),
	(221, 'Stürmer', 'rechts', 9, 500000),
	(222, 'Stürmer', 'rechts', 9, 45000000),
	(224, 'Torwart', 'rechts', 10, 5000000),
	(225, 'Torwart', 'links', 10, 16000000),
	(226, 'Torwart', 'rechts', 10, 15000000),
	(227, 'Außenverteidiger', 'links', 10, 1000000),
	(228, 'Außenverteidiger', 'links', 10, 13000000),
	(229, 'Außenverteidiger', 'links', 10, 8000000),
	(230, 'Innenverteidiger', 'rechts', 10, 500000),
	(231, 'Innenverteidiger', 'rechts', 10, 1500000),
	(232, 'Außenverteidiger', 'rechts', 10, 700000),
	(233, 'Außenverteidiger', 'rechts', 10, 12000000),
	(234, 'Innenverteidiger', 'rechts', 10, 500000),
	(235, 'Mittelfeld', 'rechts', 10, 2000000),
	(236, 'Mittelfeld', 'rechts', 10, 1000000),
	(237, 'Mittelfeld', 'rechts', 10, 6000000),
	(238, 'Flügelspieler', 'links', 10, 1500000),
	(239, 'Mittelfeld', 'rechts', 10, 42000000),
	(240, 'Mittelfeld', 'rechts', 10, 9500000),
	(241, 'Mittelfeld', 'beidfüßig', 10, 2300000),
	(242, 'Stürmer', 'rechts', 10, 1000000),
	(243, 'Stürmer', 'rechts', 10, 2000000),
	(244, 'Stürmer', 'rechts', 10, 9000000),
	(245, 'Flügelspieler', 'rechts', 10, 2300000),
	(246, 'Flügelspieler', 'rechts', 10, 1000000),
	(248, 'Torwart', 'rechts', 11, 250000),
	(249, 'Torwart', 'rechts', 11, 250000),
	(250, 'Torwart', 'rechts', 11, 100000),
	(251, 'Innenverteidiger', 'links', 11, 850000),
	(252, 'Außenverteidiger', 'rechts', 11, 1500000),
	(253, 'Innenverteidiger', 'rechts', 11, 450000),
	(254, 'Innenverteidiger', 'rechts', 11, 1250000),
	(255, 'Außenverteidiger', 'rechts', 11, 500000),
	(256, 'Außenverteidiger', 'beidfüßig', 11, 1100000),
	(257, 'Innenverteidiger', 'rechts', 11, 2000000),
	(258, 'Mittelfeld', 'rechts', 11, 750000),
	(259, 'Mittelfeld', 'rechts', 11, 1100000),
	(260, 'Mittelfeld', 'links', 11, 20000000),
	(261, 'Mittelfeld', 'beidfüßig', 11, 250000),
	(262, 'Mittelfeld', 'rechts', 11, 1500000),
	(263, 'Mittelfeld', 'beidfüßig', 11, 15000000),
	(264, 'Mittelfeld', 'links', 11, 1100000),
	(265, 'Flügelspieler', 'rechts', 11, 800000),
	(266, 'Stürmer', 'rechts', 11, 400000),
	(267, 'Mittelfeld', 'links', 11, 12000000),
	(268, 'Stürmer', 'rechts', 11, 4000000),
	(269, 'Flügelspieler', 'rechts', 11, 1000000),
	(270, 'Stürmer', 'beidfüßig', 11, 350000),
	(272, 'Torwart', 'rechts', 12, 800000),
	(273, 'Torwart', 'rechts', 12, 800000),
	(274, 'Innenverteidiger', 'rechts', 12, 800000),
	(275, 'Innenverteidiger', 'rechts', 12, 1300000),
	(276, 'Innenverteidiger', 'rechts', 12, 700000),
	(277, 'Innenverteidiger', 'rechts', 12, 15000000),
	(278, 'Mittelfeld', 'rechts', 12, 300000),
	(279, 'Außenverteidiger', 'rechts', 12, 800000),
	(280, 'Außenverteidiger', 'links', 12, 800000),
	(281, 'Außenverteidiger', 'rechts', 12, 800000),
	(282, 'Außenverteidiger', 'rechts', 12, 1000000),
	(283, 'Mittelfeld', 'rechts', 12, 800000),
	(284, 'Mittelfeld', 'rechts', 12, 800000),
	(285, 'Mittelfeld', 'rechts', 12, 3000000),
	(286, 'Innenverteidiger', 'rechts', 12, 3200000),
	(287, 'Mittelfeld', 'rechts', 12, 250000),
	(288, 'Mittelfeld', 'rechts', 12, 2000000),
	(289, 'Stürmer', 'rechts', 12, 300000),
	(290, 'Stürmer', 'rechts', 12, 800000),
	(291, 'Stürmer', 'rechts', 12, 1200000),
	(292, 'Flügelspieler', 'rechts', 12, 2500000),
	(293, 'Stürmer', 'beidfüßig', 12, 3000000),
	(295, 'Torwart', 'rechts', 13, 350000),
	(296, 'Torwart', 'rechts', 13, 400000),
	(297, 'Torwart', 'rechts', 13, 400000),
	(298, 'Innenverteidiger', 'rechts', 13, 1000000),
	(299, 'Innenverteidiger', 'rechts', 13, 450000),
	(300, 'Außenverteidiger', 'links', 13, 4000000),
	(301, 'Außenverteidiger', 'rechts', 13, 400000),
	(302, 'Außenverteidiger', 'links', 13, 4250000),
	(303, 'Innenverteidiger', 'rechts', 13, 500000),
	(304, 'Innenverteidiger', 'rechts', 13, 600000),
	(305, 'Außenverteidiger', 'rechts', 13, 1000000),
	(306, 'Mittelfeld', 'rechts', 13, 250000),
	(307, 'Mittelfeld', 'beidfüßig', 13, 400000),
	(308, 'Mittelfeld', 'rechts', 13, 750000),
	(309, 'Mittelfeld', 'rechts', 13, 1500000),
	(310, 'Mittelfeld', 'rechts', 13, 1500000),
	(311, 'Mittelfeld', 'rechts', 13, 400000),
	(312, 'Mittelfeld', 'links', 13, 1300000),
	(313, 'Stürmer', 'rechts', 13, 400000),
	(314, 'Stürmer', 'rechts', 13, 250000),
	(315, 'Stürmer', 'rechts', 13, 400000),
	(316, 'Stürmer', 'rechts', 13, 400000),
	(317, 'Stürmer', 'rechts', 13, 500000),
	(319, 'Torwart', 'rechts', 14, 5000000),
	(320, 'Torwart', 'rechts', 14, 1000000),
	(321, 'Torwart', 'links', 14, 12000000),
	(322, 'Innenverteidiger', 'links', 14, 14000000),
	(323, 'Innenverteidiger', 'rechts', 14, 20000000),
	(324, 'Innenverteidiger', 'rechts', 14, 3500000),
	(325, 'Innenverteidiger', 'beidfüßig', 14, 24000000),
	(326, 'Außenverteidiger', 'links', 14, 14000000),
	(327, 'Außenverteidiger', 'rechts', 14, 5000000),
	(328, 'Außenverteidiger', 'rechts', 14, 3500000),
	(329, 'Mittelfeld', 'rechts', 14, 3500000),
	(330, 'Mittelfeld', 'beidfüßig', 14, 20000000),
	(331, 'Mittelfeld', 'rechts', 14, 3500000),
	(332, 'Mittelfeld', 'rechts', 14, 28000000),
	(333, 'Mittelfeld', 'rechts', 14, 16000000),
	(334, 'Mittelfeld', 'rechts', 14, 2000000),
	(335, 'Mittelfeld', 'rechts', 14, 3500000),
	(336, 'Mittelfeld', 'beidfüßig', 14, 7500000),
	(337, 'Flügelspieler', 'rechts', 14, 1000000),
	(338, 'Stürmer', 'beidfüßig', 14, 6000000),
	(339, 'Stürmer', 'rechts', 14, 200000),
	(340, 'Stürmer', 'rechts', 14, 14000000),
	(341, 'Stürmer', 'rechts', 14, 9000000),
	(343, 'Torwart', 'rechts', 15, 400000),
	(344, 'Torwart', 'rechts', 15, 3000000),
	(345, 'Torwart', 'rechts', 15, 500000),
	(346, 'Innenverteidiger', 'rechts', 15, 1200000),
	(347, 'Außenverteidiger', 'rechts', 15, 1000000),
	(348, 'Außenverteidiger', 'beidfüßig', 15, 14000000),
	(349, 'Innenverteidiger', 'rechts', 15, 500000),
	(350, 'Innenverteidiger', 'rechts', 15, 900000),
	(351, 'Außenverteidiger', 'rechts', 15, 6000000),
	(352, 'Mittelfeld', 'rechts', 15, 900000),
	(353, 'Mittelfeld', 'rechts', 15, 900000),
	(354, 'Mittelfeld', 'rechts', 15, 2500000),
	(355, 'Mittelfeld', 'links', 15, 17000000),
	(356, 'Mittelfeld', 'rechts', 15, 400000),
	(357, 'Mittelfeld', 'rechts', 15, 1000000),
	(358, 'Mittelfeld', 'links', 15, 500000),
	(359, 'Mittelfeld', 'rechts', 15, 1250000),
	(360, 'Mittelfeld', 'links', 15, 800000),
	(361, 'Stürmer', 'rechts', 15, 1400000),
	(362, 'Stürmer', 'rechts', 15, 4000000),
	(363, 'Flügelspieler', 'beidfüßig', 15, 1000000),
	(364, 'Stürmer', 'links', 15, 1000000),
	(365, 'Stürmer', 'rechts', 15, 350000),
	(367, 'Torwart', 'rechts', 16, 1900000),
	(368, 'Torwart', 'rechts', 16, 1000000),
	(369, 'Torwart', 'rechts', 16, 1900000),
	(370, 'Außenverteidiger', 'links', 16, 5000000),
	(371, 'Innenverteidiger', 'links', 16, 4500000),
	(372, 'Außenverteidiger', 'links', 16, 2000000),
	(373, 'Mittelfeld', 'rechts', 16, 13000000),
	(374, 'Innenverteidiger', 'rechts', 16, 13000000),
	(375, 'Innenverteidiger', 'rechts', 16, 1900000),
	(376, 'Innenverteidiger', 'rechts', 16, 9500000),
	(377, 'Mittelfeld', 'rechts', 16, 1000000),
	(378, 'Mittelfeld', 'beidfüßig', 16, 2500000),
	(379, 'Innenverteidiger', 'rechts', 16, 250000),
	(380, 'Mittelfeld', 'rechts', 16, 1900000),
	(381, 'Mittelfeld', 'rechts', 16, 1200000),
	(382, 'Mittelfeld', 'rechts', 16, 9000000),
	(383, 'Mittelfeld', 'rechts', 16, 2250000),
	(384, 'Mittelfeld', 'beidfüßig', 16, 18000000),
	(385, 'Stürmer', 'rechts', 16, 4250000),
	(386, 'Stürmer', 'rechts', 16, 5000000),
	(387, 'Stürmer', 'rechts', 16, 9000000),
	(388, 'Stürmer', 'links', 16, 1250000),
	(389, 'Stürmer', 'rechts', 16, 4500000),
	(391, 'Torwart', 'rechts', 17, 2000000),
	(392, 'Torwart', 'rechts', 17, 5000000),
	(393, 'Torwart', 'rechts', 17, 800000),
	(394, 'Außenverteidiger', 'rechts', 17, 2500000),
	(395, 'Innenverteidiger', 'rechts', 17, 2000000),
	(396, 'Innenverteidiger', 'rechts', 17, 1500000),
	(397, 'Innenverteidiger', 'links', 17, 2200000),
	(398, 'Innenverteidiger', 'links', 17, 7000000),
	(399, 'Außenverteidiger', 'rechts', 17, 800000),
	(400, 'Mittelfeld', 'beidfüßig', 17, 1500000),
	(401, 'Außenverteidiger', 'links', 17, 1300000),
	(402, 'Mittelfeld', 'rechts', 17, 1600000),
	(403, 'Mittelfeld', 'links', 17, 6000000),
	(404, 'Außenverteidiger', 'rechts', 17, 1000000),
	(405, 'Mittelfeld', 'beidfüßig', 17, 850000),
	(406, 'Mittelfeld', 'beidfüßig', 17, 1300000),
	(407, 'Flügelspieler', 'beidfüßig', 17, 1800000),
	(408, 'Stürmer', 'rechts', 17, 1300000),
	(409, 'Stürmer', 'beidfüßig', 17, 150000),
	(410, 'Flügelspieler', 'beidfüßig', 17, 10000000),
	(411, 'Stürmer', 'rechts', 17, 175000),
	(412, 'Stürmer', 'beidfüßig', 17, 16000000),
	(413, 'Flügelspieler', 'links', 17, 20000000),
	(415, 'Torwart', 'links', 18, 300000),
	(416, 'Torwart', 'rechts', 18, 350000),
	(417, 'Torwart', 'rechts', 18, 300000),
	(418, 'Innenverteidiger', 'beidfüßig', 18, 250000),
	(419, 'Außenverteidiger', 'links', 18, 450000),
	(420, 'Außenverteidiger', 'rechts', 18, 250000),
	(421, 'Innenverteidiger', 'rechts', 18, 300000),
	(422, 'Innenverteidiger', 'rechts', 18, 6000000),
	(423, 'Innenverteidiger', 'rechts', 18, 300000),
	(424, 'Innenverteidiger', 'links', 18, 800000),
	(425, 'Außenverteidiger', 'rechts', 18, 300000),
	(426, 'Mittelfeld', 'rechts', 18, 400000),
	(427, 'Mittelfeld', 'beidfüßig', 18, 600000),
	(428, 'Mittelfeld', 'rechts', 18, 300000),
	(429, 'Mittelfeld', 'rechts', 18, 150000),
	(430, 'Mittelfeld', 'rechts', 18, 400000),
	(431, 'Mittelfeld', 'rechts', 18, 300000),
	(432, 'Mittelfeld', 'rechts', 18, 500000),
	(433, 'Innenverteidiger', 'rechts', 18, 400000),
	(434, 'Stürmer', 'rechts', 18, 300000),
	(435, 'Stürmer', 'beidfüßig', 18, 425000),
	(436, 'Stürmer', 'rechts', 18, 900000),
	(437, 'Stürmer', 'rechts', 18, 1300000),
	(440, 'Torwart', 'beidfüßig', 19, 100000),
	(441, 'Torwart', 'rechts', 19, 5000000),
	(442, 'Torwart', 'rechts', 19, 7000000),
	(443, 'Innenverteidiger', 'rechts', 19, 600000),
	(444, 'Außenverteidiger', 'links', 19, 500000),
	(445, 'Innenverteidiger', 'rechts', 19, 3500000),
	(446, 'Innenverteidiger', 'links', 19, 2500000),
	(447, 'Innenverteidiger', 'rechts', 19, 2700000),
	(448, 'Innenverteidiger', 'rechts', 19, 7500000),
	(449, 'Mittelfeld', 'rechts', 19, 5000000),
	(450, 'Mittelfeld', 'rechts', 19, 9000000),
	(451, 'Mittelfeld', 'rechts', 19, 2000000),
	(452, 'Mittelfeld', 'links', 19, 5000000),
	(453, 'Mittelfeld', 'beidfüßig', 19, 17000000),
	(454, 'Mittelfeld', 'rechts', 19, 2700000),
	(455, 'Mittelfeld', 'links', 19, 2700000),
	(456, 'Mittelfeld', 'links', 19, 7500000),
	(457, 'Flügelspieler', 'rechts', 19, 4500000),
	(458, 'Flügelspieler', 'rechts', 19, 4500000),
	(459, 'Stürmer', 'rechts', 19, 12000000),
	(460, 'Flügelspieler', 'rechts', 19, 4000000),
	(461, 'Flügelspieler', 'links', 19, 25000000),
	(462, 'Flügelspieler', 'links', 19, 40000000),
	(468, 'Torwart', 'beidfüßig', 20, 600000),
	(469, 'Torwart', 'rechts', 20, 350000),
	(470, 'Torwart', 'links', 20, 3500000),
	(471, 'Innenverteidiger', 'links', 20, 500000),
	(472, 'Innenverteidiger', 'rechts', 20, 200000),
	(473, 'Außenverteidiger', 'links', 20, 3000000),
	(474, 'Außenverteidiger', 'rechts', 20, 700000),
	(475, 'Innenverteidiger', 'rechts', 20, 250000),
	(476, 'Außenverteidiger', 'links', 20, 4000000),
	(477, 'Innenverteidiger', 'rechts', 20, 2000000),
	(478, 'Mittelfeld', 'links', 20, 700000),
	(479, 'Mittelfeld', 'rechts', 20, 5000000),
	(480, 'Mittelfeld', 'links', 20, 400000),
	(481, 'Stürmer', 'rechts', 20, 4500000),
	(482, 'Mittelfeld', 'rechts', 20, 500000),
	(483, 'Stürmer', 'beidfüßig', 20, 700000),
	(484, 'Stürmer', 'rechts', 20, 7000000),
	(485, 'Stürmer', 'rechts', 20, 700000),
	(486, 'Stürmer', 'beidfüßig', 20, 3500000),
	(487, 'Flügelspieler', 'rechts', 20, 1000000),
	(488, 'Stürmer', 'rechts', 20, 2000000),
	(489, 'Stürmer', 'beidfüßig', 20, 2500000),
	(490, 'Flügelspieler', 'rechts', 20, 1400000),
	(492, 'Torwart', 'rechts', 21, 150000),
	(493, 'Stürmer', 'rechts', 21, 150000),
	(494, 'Torwart', 'rechts', 21, 350000),
	(495, 'Außenverteidiger', 'rechts', 21, 400000),
	(496, 'Außenverteidiger', 'rechts', 21, 300000),
	(497, 'Mittelfeld', 'rechts', 21, 600000),
	(498, 'Außenverteidiger', 'rechts', 21, 100000),
	(499, 'Innenverteidiger', 'rechts', 21, 500000),
	(500, 'Mittelfeld', 'rechts', 21, 375000),
	(501, 'Innenverteidiger', 'rechts', 21, 350000),
	(502, 'Innenverteidiger', 'rechts', 21, 500000),
	(503, 'Außenverteidiger', 'links', 21, 200000),
	(504, 'Mittelfeld', 'rechts', 21, 150000),
	(505, 'Mittelfeld', 'links', 21, 150000),
	(506, 'Mittelfeld', 'links', 21, 400000),
	(507, 'Mittelfeld', 'rechts', 21, 375000),
	(508, 'Mittelfeld', 'rechts', 21, 150000),
	(509, 'Stürmer', 'rechts', 21, 450000),
	(510, 'Stürmer', 'rechts', 21, 450000),
	(511, 'Mittelfeld', 'rechts', 21, 750000),
	(512, 'Stürmer', 'rechts', 21, 675000),
	(513, 'Stürmer', 'rechts', 21, 150000),
	(514, 'Mittelfeld', 'rechts', 21, 150000),
	(517, 'Torwart', 'rechts', 22, 250000),
	(518, 'Torwart', 'rechts', 22, 700000),
	(519, 'Torwart', 'rechts', 22, 500000),
	(520, 'Innenverteidiger', 'rechts', 22, 2500000),
	(521, 'Innenverteidiger', 'rechts', 22, 600000),
	(522, 'Innenverteidiger', 'links', 22, 100000),
	(523, 'Innenverteidiger', 'rechts', 22, 1500000),
	(524, 'Außenverteidiger', 'links', 22, 400000),
	(525, 'Innenverteidiger', 'links', 22, 1250000),
	(526, 'Mittelfeld', 'rechts', 22, 5000000),
	(527, 'Außenverteidiger', 'rechts', 22, 400000),
	(528, 'Mittelfeld', 'rechts', 22, 800000),
	(529, 'Mittelfeld', 'rechts', 22, 2000000),
	(530, 'Mittelfeld', 'rechts', 22, 2000000),
	(531, 'Mittelfeld', 'rechts', 22, 500000),
	(532, 'Mittelfeld', 'links', 22, 950000),
	(533, 'Mittelfeld', 'rechts', 22, 450000),
	(534, 'Stürmer', 'rechts', 22, 2800000),
	(535, 'Flügelspieler', 'links', 22, 1700000),
	(536, 'Stürmer', 'links', 22, 14000000),
	(537, 'Stürmer', 'rechts', 22, 1000000),
	(538, 'Stürmer', 'beidfüßig', 22, 2500000),
	(539, 'Stürmer', 'rechts', 22, 2500000),
	(542, 'Torwart', 'rechts', 23, 4000000),
	(543, 'Torwart', 'rechts', 23, 700000),
	(544, 'Torwart', 'rechts', 23, 17000000),
	(545, 'Innenverteidiger', 'rechts', 23, 5000000),
	(546, 'Außenverteidiger', 'links', 23, 14000000),
	(547, 'Außenverteidiger', 'rechts', 23, 14000000),
	(548, 'Außenverteidiger', 'rechts', 23, 150000),
	(549, 'Innenverteidiger', 'rechts', 23, 18000000),
	(550, 'Innenverteidiger', 'rechts', 23, 1000000),
	(551, 'Innenverteidiger', 'rechts', 23, 3000000),
	(552, 'Innenverteidiger', 'rechts', 23, 7000000),
	(553, 'Mittelfeld', 'rechts', 23, 200000),
	(554, 'Mittelfeld', 'beidfüßig', 23, 1800000),
	(555, 'Mittelfeld', 'links', 23, 9000000),
	(556, 'Mittelfeld', 'beidfüßig', 23, 1000000),
	(557, 'Mittelfeld', 'links', 23, 10000000),
	(558, 'Mittelfeld', 'rechts', 23, 4500000),
	(559, 'Mittelfeld', 'beidfüßig', 23, 30000000),
	(560, 'Flügelspieler', 'beidfüßig', 23, 100000000),
	(561, 'Mittelfeld', 'rechts', 23, 17000000),
	(562, 'Stürmer', 'links', 23, 7750000),
	(563, 'Stürmer', 'rechts', 23, 250000),
	(564, 'Mittelfeld', 'beidfüßig', 23, 2500000),
	(566, 'Torwart', 'rechts', 24, 6000000),
	(567, 'Torwart', 'rechts', 24, 500000),
	(568, 'Torwart', 'rechts', 24, 800000),
	(569, 'Innenverteidiger', 'rechts', 24, 700000),
	(570, 'Außenverteidiger', 'links', 24, 500000),
	(571, 'Außenverteidiger', 'rechts', 24, 17000000),
	(572, 'Außenverteidiger', 'links', 24, 1700000),
	(573, 'Innenverteidiger', 'rechts', 24, 2500000),
	(574, 'Innenverteidiger', 'rechts', 24, 1500000),
	(575, 'Mittelfeld', 'links', 24, 2500000),
	(576, 'Mittelfeld', 'beidfüßig', 24, 3000000),
	(577, 'Flügelspieler', 'beidfüßig', 24, 16000000),
	(578, 'Mittelfeld', 'rechts', 24, 3000000),
	(579, 'Mittelfeld', 'rechts', 24, 1700000),
	(580, 'Mittelfeld', 'beidfüßig', 24, 14000000),
	(581, 'Mittelfeld', 'rechts', 24, 350000),
	(582, 'Mittelfeld', 'beidfüßig', 24, 6000000),
	(583, 'Mittelfeld', 'beidfüßig', 24, 20000000),
	(584, 'Mittelfeld', 'links', 24, 1700000),
	(585, 'Stürmer', 'beidfüßig', 24, 1000000),
	(586, 'Stürmer', 'rechts', 24, 2500000),
	(587, 'Stürmer', 'beidfüßig', 24, 75000),
	(588, 'Stürmer', 'rechts', 24, 1700000),
	(591, 'Torwart', 'rechts', 25, 1900000),
	(592, 'Torwart', 'links', 25, 1900000),
	(593, 'Torwart', 'rechts', 25, 1900000),
	(594, 'Innenverteidiger', 'rechts', 25, 1900000),
	(595, 'Außenverteidiger', 'links', 25, 12000000),
	(596, 'Außenverteidiger', 'links', 25, 1900000),
	(597, 'Außenverteidiger', 'links', 25, 1900000),
	(598, 'Außenverteidiger', 'rechts', 25, 4000000),
	(599, 'Innenverteidiger', 'rechts', 25, 1900000),
	(600, 'Innenverteidiger', 'rechts', 25, 1900000),
	(601, 'Mittelfeld', 'rechts', 25, 1900000),
	(602, 'Mittelfeld', 'rechts', 25, 1900000),
	(603, 'Mittelfeld', 'rechts', 25, 1900000),
	(604, 'Mittelfeld', 'links', 25, 1200000),
	(605, 'Mittelfeld', 'beidfüßig', 25, 1900000),
	(606, 'Mittelfeld', 'rechts', 25, 1900000),
	(607, 'Mittelfeld', 'rechts', 25, 1900000),
	(608, 'Mittelfeld', 'links', 25, 1900000),
	(609, 'Stürmer', 'beidfüßig', 25, 1900000),
	(610, 'Stürmer', 'rechts', 25, 1900000),
	(611, 'Stürmer', 'rechts', 25, 1900000),
	(612, 'Stürmer', 'rechts', 25, 1900000),
	(613, 'Stürmer', 'rechts', 25, 1900000),
	(615, 'Torwart', 'rechts', 26, 2000000),
	(616, 'Torwart', 'rechts', 26, 1000000),
	(617, 'Torwart', 'rechts', 26, 350000),
	(618, 'Innenverteidiger', 'rechts', 26, 1600000),
	(619, 'Innenverteidiger', 'links', 26, 1600000),
	(620, 'Außenverteidiger', 'rechts', 26, 3000000),
	(621, 'Außenverteidiger', 'rechts', 26, 200000),
	(622, 'Innenverteidiger', 'rechts', 26, 1600000),
	(623, 'Innenverteidiger', 'rechts', 26, 14000000),
	(624, 'Außenverteidiger', 'beidfüßig', 26, 300000),
	(625, 'Mittelfeld', 'beidfüßig', 26, 24000000),
	(626, 'Mittelfeld', 'beidfüßig', 26, 375000),
	(627, 'Mittelfeld', 'links', 26, 1600000),
	(628, 'Mittelfeld', 'rechts', 26, 6500000),
	(629, 'Mittelfeld', 'rechts', 26, 1500000),
	(630, 'Mittelfeld', 'rechts', 26, 1600000),
	(631, 'Mittelfeld', 'rechts', 26, 4200000),
	(632, 'Stürmer', 'rechts', 26, 4200000),
	(633, 'Stürmer', 'rechts', 26, 400000),
	(634, 'Stürmer', 'beidfüßig', 26, 600000),
	(635, 'Flügelspieler', 'beidfüßig', 26, 2600000),
	(636, 'Flügelspieler', 'rechts', 26, 5500000),
	(637, 'Flügelspieler', 'rechts', 26, 500000),
	(639, 'Torwart', 'rechts', 27, 600000),
	(640, 'Torwart', 'rechts', 27, 600000),
	(641, 'Torwart', 'rechts', 27, 250000),
	(642, 'Außenverteidiger', 'rechts', 27, 600000),
	(643, 'Innenverteidiger', 'links', 27, 1300000),
	(644, 'Innenverteidiger', 'rechts', 27, 600000),
	(645, 'Außenverteidiger', 'links', 27, 600000),
	(646, 'Außenverteidiger', 'rechts', 27, 600000),
	(647, 'Innenverteidiger', 'rechts', 27, 600000),
	(648, 'Innenverteidiger', 'beidfüßig', 27, 400000),
	(649, 'Außenverteidiger', 'links', 27, 600000),
	(650, 'Flügelspieler', 'beidfüßig', 27, 1600000),
	(651, 'Mittelfeld', 'rechts', 27, 25000),
	(652, 'Mittelfeld', 'rechts', 27, 1000000),
	(653, 'Mittelfeld', 'rechts', 27, 2700000),
	(654, 'Mittelfeld', 'rechts', 27, 600000),
	(655, 'Mittelfeld', 'links', 27, 600000),
	(656, 'Mittelfeld', 'rechts', 27, 600000),
	(657, 'Mittelfeld', 'links', 27, 2800000),
	(658, 'Stürmer', 'rechts', 27, 600000),
	(659, 'Stürmer', 'rechts', 27, 600000),
	(660, 'Stürmer', 'rechts', 27, 5000000),
	(661, 'Stürmer', 'beidfüßig', 27, 600000),
	(663, 'Torwart', 'links', 28, 12000000),
	(664, 'Torwart', 'rechts', 28, 10000000),
	(665, 'Torwart', 'rechts', 28, 12000000),
	(666, 'Außenverteidiger', 'rechts', 28, 7000000),
	(667, 'Außenverteidiger', 'links', 28, 200000),
	(668, 'Innenverteidiger', 'rechts', 28, 450000),
	(669, 'Innenverteidiger', 'rechts', 28, 36000000),
	(670, 'Innenverteidiger', 'rechts', 28, 1000000),
	(671, 'Innenverteidiger', 'rechts', 28, 12000000),
	(672, 'Außenverteidiger', 'rechts', 28, 40000000),
	(673, 'Mittelfeld', 'rechts', 28, 45000000),
	(674, 'Mittelfeld', 'rechts', 28, 50000000),
	(675, 'Mittelfeld', 'links', 28, 40000000),
	(676, 'Mittelfeld', 'beidfüßig', 28, 55000000),
	(677, 'Mittelfeld', 'rechts', 28, 37000000),
	(678, 'Mittelfeld', 'rechts', 28, 20000000),
	(679, 'Mittelfeld', 'beidfüßig', 28, 12000000),
	(680, 'Mittelfeld', 'rechts', 28, 10000000),
	(681, 'Stürmer', 'rechts', 28, 10000000),
	(682, 'Stürmer', 'rechts', 28, 19000000),
	(683, 'Stürmer', 'rechts', 28, 20000000),
	(684, 'Mittelfeld', 'links', 28, 40000000),
	(685, 'Flügelspieler', 'beidfüßig', 28, 25000000),
	(687, 'Torwart', 'rechts', 29, 300000),
	(688, 'Torwart', 'rechts', 29, 900000),
	(689, 'Torwart', 'rechts', 29, 275000),
	(690, 'Innenverteidiger', 'rechts', 29, 175000),
	(691, 'Außenverteidiger', 'rechts', 29, 600000),
	(692, 'Innenverteidiger', 'rechts', 29, 800000),
	(693, 'Außenverteidiger', 'links', 29, 850000),
	(694, 'Innenverteidiger', 'rechts', 29, 600000),
	(695, 'Außenverteidiger', 'rechts', 29, 3000000),
	(696, 'Innenverteidiger', 'rechts', 29, 300000),
	(697, 'Außenverteidiger', 'links', 29, 300000),
	(698, 'Mittelfeld', 'rechts', 29, 300000),
	(699, 'Mittelfeld', 'rechts', 29, 2000000),
	(700, 'Mittelfeld', 'rechts', 29, 375000),
	(701, 'Mittelfeld', 'rechts', 29, 400000),
	(702, 'Mittelfeld', 'rechts', 29, 600000),
	(703, 'Mittelfeld', 'rechts', 29, 175000),
	(704, 'Mittelfeld', 'beidfüßig', 29, 4000000),
	(705, 'Mittelfeld', 'rechts', 29, 300000),
	(706, 'Mittelfeld', 'links', 29, 900000),
	(707, 'Stürmer', 'rechts', 29, 900000),
	(708, 'Mittelfeld', 'rechts', 29, 250000),
	(709, 'Stürmer', 'links', 29, 1000000),
	(711, 'Torwart', 'rechts', 30, 1500000),
	(712, 'Torwart', 'rechts', 30, 400000),
	(713, 'Torwart', 'rechts', 30, 400000),
	(714, 'Außenverteidiger', 'rechts', 30, 825000),
	(715, 'Innenverteidiger', 'rechts', 30, 700000),
	(716, 'Innenverteidiger', 'rechts', 30, 1000000),
	(717, 'Außenverteidiger', 'links', 30, 500000),
	(718, 'Innenverteidiger', 'rechts', 30, 1000000),
	(719, 'Innenverteidiger', 'rechts', 30, 1000000),
	(720, 'Außenverteidiger', 'beidfüßig', 30, 400000),
	(721, 'Außenverteidiger', 'rechts', 30, 1500000),
	(722, 'Mittelfeld', 'rechts', 30, 400000),
	(723, 'Mittelfeld', 'links', 30, 2000000),
	(724, 'Mittelfeld', 'rechts', 30, 1200000),
	(725, 'Mittelfeld', 'rechts', 30, 2250000),
	(726, 'Mittelfeld', 'rechts', 30, 400000),
	(727, 'Mittelfeld', 'rechts', 30, 4000000),
	(728, 'Mittelfeld', 'beidfüßig', 30, 2100000),
	(729, 'Mittelfeld', 'links', 30, 750000),
	(730, 'Stürmer', 'rechts', 30, 400000),
	(731, 'Stürmer', 'beidfüßig', 30, 1000000),
	(732, 'Stürmer', 'rechts', 30, 400000),
	(733, 'Stürmer', 'rechts', 30, 1000000),
	(735, 'Torwart', 'rechts', 31, 150000),
	(736, 'Torwart', 'rechts', 31, 16000000),
	(737, 'Torwart', 'rechts', 31, 1200000),
	(738, 'Innenverteidiger', 'rechts', 31, 9000000),
	(739, 'Außenverteidiger', 'rechts', 31, 1500000),
	(740, 'Innenverteidiger', 'rechts', 31, 20000000),
	(741, 'Innenverteidiger', 'links', 31, 1000000),
	(742, 'Innenverteidiger', 'rechts', 31, 900000),
	(743, 'Außenverteidiger', 'rechts', 31, 9000000),
	(744, 'Innenverteidiger', 'rechts', 31, 500000),
	(745, 'Mittelfeld', 'rechts', 31, 1700000),
	(746, 'Mittelfeld', 'rechts', 31, 500000),
	(747, 'Mittelfeld', 'rechts', 31, 1500000),
	(748, 'Mittelfeld', 'rechts', 31, 5000000),
	(749, 'Mittelfeld', 'rechts', 31, 750000),
	(750, 'Mittelfeld', 'links', 31, 2000000),
	(751, 'Mittelfeld', 'links', 31, 6000000),
	(752, 'Mittelfeld', 'rechts', 31, 900000),
	(753, 'Innenverteidiger', 'rechts', 31, 250000),
	(754, 'Stürmer', 'rechts', 31, 200000),
	(755, 'Stürmer', 'rechts', 31, 60000000),
	(756, 'Stürmer', 'rechts', 31, 5000000),
	(757, 'Stürmer', 'beidfüßig', 31, 1000000),
	(758, 'Flügelspieler', 'rechts', 31, 52000000),
	(760, 'Torwart', 'links', 32, 5000000),
	(761, 'Torwart', 'rechts', 32, 250000),
	(762, 'Torwart', 'rechts', 32, 2000000),
	(763, 'Außenverteidiger', 'links', 32, 850000),
	(764, 'Außenverteidiger', 'links', 32, 600000),
	(765, 'Außenverteidiger', 'rechts', 32, 700000),
	(766, 'Innenverteidiger', 'rechts', 32, 900000),
	(767, 'Innenverteidiger', 'rechts', 32, 500000),
	(768, 'Innenverteidiger', 'rechts', 32, 800000),
	(769, 'Außenverteidiger', 'beidfüßig', 32, 1500000),
	(770, 'Mittelfeld', 'links', 32, 1000000),
	(771, 'Mittelfeld', 'rechts', 32, 6500000),
	(772, 'Mittelfeld', 'rechts', 32, 500000),
	(773, 'Mittelfeld', 'rechts', 32, 7000000),
	(774, 'Mittelfeld', 'rechts', 32, 2500000),
	(775, 'Mittelfeld', 'rechts', 32, 1500000),
	(776, 'Mittelfeld', 'beidfüßig', 32, 500000),
	(777, 'Mittelfeld', 'links', 32, 1500000),
	(778, 'Mittelfeld', 'links', 32, 2200000),
	(779, 'Stürmer', 'rechts', 32, 6000000),
	(780, 'Stürmer', 'rechts', 32, 500000),
	(781, 'Flügelspieler', 'rechts', 32, 350000),
	(782, 'Stürmer', 'rechts', 32, 1600000);
/*!40000 ALTER TABLE `player` ENABLE KEYS */;


-- Exportiere Struktur von Tabelle SWT14.preliminarygroup
CREATE TABLE IF NOT EXISTS `preliminarygroup` (
  `id` int(11) NOT NULL,
  `name` varchar(45) DEFAULT NULL,
  PRIMARY KEY (`id`)
) ENGINE=InnoDB DEFAULT CHARSET=utf8;

-- Exportiere Daten aus Tabelle SWT14.preliminarygroup: ~8 rows (ungefähr)
/*!40000 ALTER TABLE `preliminarygroup` DISABLE KEYS */;
INSERT INTO `preliminarygroup` (`id`, `name`) VALUES
	(1, 'A'),
	(2, 'B'),
	(3, 'C'),
	(4, 'D'),
	(5, 'E'),
	(6, 'F'),
	(7, 'G'),
	(8, 'H');
/*!40000 ALTER TABLE `preliminarygroup` ENABLE KEYS */;


-- Exportiere Struktur von Tabelle SWT14.referee
CREATE TABLE IF NOT EXISTS `referee` (
  `person_id` int(11) NOT NULL,
  PRIMARY KEY (`person_id`),
  CONSTRAINT `coach_person` FOREIGN KEY (`person_id`) REFERENCES `person` (`id`) ON DELETE CASCADE ON UPDATE CASCADE
) ENGINE=InnoDB DEFAULT CHARSET=utf8;

-- Exportiere Daten aus Tabelle SWT14.referee: ~72 rows (ungefähr)
/*!40000 ALTER TABLE `referee` DISABLE KEYS */;
INSERT INTO `referee` (`person_id`) VALUES
	(785),
	(786),
	(787),
	(788),
	(789),
	(790),
	(791),
	(792),
	(793),
	(794),
	(795),
	(796),
	(797),
	(798),
	(799),
	(800),
	(801),
	(802),
	(803),
	(804),
	(805),
	(806),
	(807),
	(808),
	(809),
	(810),
	(811),
	(812),
	(813),
	(814),
	(815),
	(816),
	(817),
	(818),
	(819),
	(820),
	(821),
	(822),
	(823),
	(824),
	(825),
	(826),
	(827),
	(828),
	(829),
	(830),
	(831),
	(832),
	(833),
	(834),
	(835),
	(836),
	(837),
	(838),
	(839),
	(840),
	(841),
	(842),
	(843),
	(844),
	(845),
	(846),
	(847),
	(848),
	(849),
	(850),
	(851),
	(852),
	(853),
	(854),
	(855),
	(856);
/*!40000 ALTER TABLE `referee` ENABLE KEYS */;


-- Exportiere Struktur von Tabelle SWT14.stadium
CREATE TABLE IF NOT EXISTS `stadium` (
  `id` int(11) NOT NULL AUTO_INCREMENT,
  `name` varchar(255) DEFAULT NULL,
  `city` varchar(255) DEFAULT NULL,
  `capacity` int(11) DEFAULT NULL,
  `building_costs` int(11) DEFAULT NULL,
  `building_year` int(11) DEFAULT NULL,
  PRIMARY KEY (`id`)
) ENGINE=InnoDB AUTO_INCREMENT=11 DEFAULT CHARSET=utf8;

-- Exportiere Daten aus Tabelle SWT14.stadium: ~10 rows (ungefähr)
/*!40000 ALTER TABLE `stadium` DISABLE KEYS */;
INSERT INTO `stadium` (`id`, `name`, `city`, `capacity`, `building_costs`, `building_year`) VALUES
	(1, 'Cape Town Stadium', 'Cape Town', 64100, 280000000, 2009),
	(2, 'Ellis Park Stadium', 'Johannesburg', 55686, 3500000, 1928),
	(3, 'First National Bank Stadium', 'Johannesburg', 84490, 321000000, 1989),
	(4, 'Free State Stadium', 'Bloemfontein', 40911, 1000000, 1952),
	(5, 'Loftus Versveld', 'Pretoria', 42858, 4000000, 1923),
	(6, 'Mbombela Stadium', 'Nelspruit', 40929, 113500000, 2009),
	(7, 'Moses Mabhida', 'Durban', 62760, 126000000, 2009),
	(8, 'Nelson Mandela Bay', 'Port Elizabeth', 42486, 77000000, 2009),
	(9, 'Peter Mokaba Stadium', 'Polokwane', 41733, 77000000, 2009),
	(10, 'Royal Bakofeng', 'Rustenburg', 38646, 50000000, 1999);
/*!40000 ALTER TABLE `stadium` ENABLE KEYS */;


-- Exportiere Struktur von Tabelle SWT14.team_in_group
CREATE TABLE IF NOT EXISTS `team_in_group` (
  `association` int(11) NOT NULL,
  `group` int(11) NOT NULL,
  PRIMARY KEY (`group`,`association`),
  KEY `team_in_group_group_idx` (`group`),
  KEY `team_in_group_asso` (`association`),
  CONSTRAINT `team_in_group_asso` FOREIGN KEY (`association`) REFERENCES `association` (`id`) ON DELETE CASCADE ON UPDATE CASCADE,
  CONSTRAINT `team_in_group_group` FOREIGN KEY (`group`) REFERENCES `preliminarygroup` (`id`) ON DELETE CASCADE ON UPDATE CASCADE
) ENGINE=InnoDB DEFAULT CHARSET=utf8;

-- Exportiere Daten aus Tabelle SWT14.team_in_group: ~32 rows (ungefähr)
/*!40000 ALTER TABLE `team_in_group` DISABLE KEYS */;
INSERT INTO `team_in_group` (`association`, `group`) VALUES
	(10, 1),
	(17, 1),
	(29, 1),
	(31, 1),
	(2, 2),
	(12, 2),
	(20, 2),
	(30, 2),
	(1, 3),
	(9, 3),
	(27, 3),
	(32, 3),
	(3, 4),
	(7, 4),
	(11, 4),
	(25, 4),
	(6, 5),
	(15, 5),
	(16, 5),
	(19, 5),
	(14, 6),
	(18, 6),
	(22, 6),
	(26, 6),
	(4, 7),
	(8, 7),
	(21, 7),
	(23, 7),
	(5, 8),
	(13, 8),
	(24, 8),
	(28, 8);
/*!40000 ALTER TABLE `team_in_group` ENABLE KEYS */;
/*!40101 SET SQL_MODE=IFNULL(@OLD_SQL_MODE, '') */;
/*!40014 SET FOREIGN_KEY_CHECKS=IF(@OLD_FOREIGN_KEY_CHECKS IS NULL, 1, @OLD_FOREIGN_KEY_CHECKS) */;
/*!40101 SET CHARACTER_SET_CLIENT=@OLD_CHARACTER_SET_CLIENT */;
SET foreign_key_checks = 1;
